time,,,,,,,
0.0,1594290312.5472763,-208,1036,1516,-12098,6640,497,
0.004,1594290312.5473425,-30129,3466,970,373975,-376389,-1547,
0.008,1594290312.5474029,-50012,4136,274,655915,-658077,-456,
0.012,1594290312.5474489,-9913,2142,1338,127322,-132056,943,
0.016,1594290312.5474932,3907,327,844,-36922,30252,2689,
0.02,1594290312.5475376,-184,1043,1418,-13661,8134,639,
0.024,1594290312.547583,-30622,3530,852,365420,-367798,-1520,
0.028,1594290312.5476255,-50171,4081,290,635918,-638085,-514,
0.032,1594290312.5476663,-10498,2175,1258,120719,-125441,959,
0.036000000000000004,1594290312.5477116,3878,345,797,-36542,29979,2630,
0.04000000000000001,1594290312.5477555,-178,1129,1408,-12372,6924,497,
0.04400000000000001,1594290312.5477989,-29893,3497,926,370220,-372677,-1569,
0.048000000000000015,1594290312.547844,-49740,4120,213,670205,-672403,-431,
0.05200000000000002,1594290312.5478995,-10492,2173,1343,145175,-149948,960,
0.05600000000000002,1594290312.547945,3843,419,948,-35219,28547,2531,
0.060000000000000026,1594290312.547989,-240,1097,1528,-9010,3512,455,
0.06400000000000003,1594290312.5480285,-29373,3449,1009,404503,-407018,-1486,
0.06800000000000003,1594290312.5480704,-49760,4085,270,724995,-727176,-453,
0.07200000000000004,1594290312.548111,-10454,2143,1483,173138,-177850,804,
0.07600000000000004,1594290312.5481489,3794,361,1274,-32422,25851,2249,
0.08000000000000004,1594290312.5481877,-101,1074,1811,-4186,-1362,278,
0.08400000000000005,1594290312.5482247,-29943,3504,997,455572,-458088,-1546,
0.08800000000000005,1594290312.548264,-50797,4152,216,809687,-811866,-364,
0.09200000000000005,1594290312.5483007,-10416,2173,1554,224199,-229025,779,
0.09600000000000006,1594290312.5483508,3876,439,1508,-29446,22792,2014,
0.10000000000000006,1594290312.5483892,-140,1132,1972,3379,-8863,25,
0.10400000000000006,1594290312.5484276,-29120,3462,1076,499486,-502068,-1504,
0.10800000000000007,1594290312.5484667,-50595,4161,205,864409,-866636,-395,
0.11200000000000007,1594290312.548505,-10850,2223,1569,266137,-270872,612,
0.11600000000000008,1594290312.5485423,3815,461,1680,-26593,19980,1786,
0.12000000000000008,1594290312.5485802,-125,1164,2090,8284,-13796,-68,
0.12400000000000008,1594290312.5486195,-29489,3417,1066,538599,-541172,-1477,
0.12800000000000009,1594290312.548657,-50051,4119,189,919418,-921631,-341,
0.1320000000000001,1594290312.5486958,-10524,2197,1704,295520,-300354,640,
0.1360000000000001,1594290312.5487328,3904,449,1816,-25055,18400,1693,
0.1400000000000001,1594290312.5487714,-56,1077,2181,11136,-16678,-132,
0.1440000000000001,1594290312.5488207,-28907,3412,1111,542874,-545448,-1507,
0.1480000000000001,1594290312.5488598,-49626,4052,256,907059,-909358,-285,
0.1520000000000001,1594290312.5488982,-10362,2178,1659,287278,-292069,689,
0.1560000000000001,1594290312.5489366,3793,394,1727,-25154,18620,1721,
0.16000000000000011,1594290312.5489728,-163,1099,2103,8288,-13828,-52,
0.16400000000000012,1594290312.5490108,-29415,3438,1024,521435,-524005,-1512,
0.16800000000000012,1594290312.549049,-49493,4101,194,872927,-875116,-379,
0.17200000000000013,1594290312.5490878,-10425,2197,1609,260356,-265134,642,
0.17600000000000013,1594290312.5491247,3863,394,1584,-27378,20778,1876,
0.18000000000000013,1594290312.5491624,-56,1088,1956,-96,-5402,65,
0.18400000000000014,1594290312.5492013,-29569,3473,997,476223,-478737,-1532,
0.18800000000000014,1594290312.5492382,-50849,4047,215,816038,-818188,-394,
0.19200000000000014,1594290312.5492902,-10820,2145,1569,214665,-219414,764,
0.19600000000000015,1594290312.5493283,3890,382,1383,-30917,24301,2151,
0.20000000000000015,1594290312.5493672,102,1080,1789,-7375,1818,269,
0.20400000000000015,1594290312.5494044,-28991,3393,1035,418376,-420914,-1501,
0.20800000000000016,1594290312.5494437,-49581,4050,257,734449,-736569,-455,
0.21200000000000016,1594290312.5494807,-10726,2185,1405,173795,-178526,897,
0.21600000000000016,1594290312.5495198,3847,369,1112,-33886,27329,2399,
0.22000000000000017,1594290312.5495565,19,1047,1552,-11804,6291,476,
0.22400000000000017,1594290312.5495956,-29436,3494,976,382522,-384973,-1497,
0.22800000000000017,1594290312.549634,-49837,4136,267,671632,-673790,-470,
0.23200000000000018,1594290312.549683,-10901,2175,1343,139298,-144023,909,
0.23600000000000018,1594290312.5497215,3751,352,888,-36136,29510,2597,
0.24000000000000019,1594290312.5497594,36,1069,1395,-15609,10070,609,
0.2440000000000002,1594290312.5497983,-28781,3445,930,343417,-345996,-1468,
0.2480000000000002,1594290312.5498354,-50848,4140,243,642531,-644603,-482,
0.25200000000000017,1594290312.5498753,-11019,2238,1254,134014,-138710,983,
0.25600000000000017,1594290312.5499122,3922,348,849,-36772,30127,2705,
0.2600000000000002,1594290312.5499506,141,999,1422,-15448,9948,636,
0.2640000000000002,1594290312.5499885,-28964,3439,979,349380,-351876,-1531,
0.2680000000000002,1594290312.5500307,-51246,4194,193,669436,-671527,-458,
0.2720000000000002,1594290312.550071,-11009,2219,1302,147243,-151946,909,
0.2760000000000002,1594290312.5501082,3883,345,953,-35583,28994,2587,
0.2800000000000002,1594290312.5501602,137,1080,1472,-13297,7790,522,
0.2840000000000002,1594290312.5501997,-29220,3518,925,387669,-390147,-1495,
0.2880000000000002,1594290312.5502398,-51749,4184,158,717394,-719509,-438,
0.2920000000000002,1594290312.5502784,-10966,2319,1376,173455,-178202,884,
0.2960000000000002,1594290312.5503168,3812,407,1135,-32964,26353,2400,
0.3000000000000002,1594290312.5503554,80,1038,1645,-7628,2133,337,
0.3040000000000002,1594290312.5503933,-28637,3441,978,422115,-424685,-1484,
0.3080000000000002,1594290312.5504313,-50300,4106,216,773770,-775880,-371,
0.3120000000000002,1594290312.5504694,-11130,2277,1490,216422,-221133,743,
0.3160000000000002,1594290312.5505068,3832,362,1425,-30201,23614,2102,
0.32000000000000023,1594290312.5505443,259,1061,1894,-2574,-3037,235,
0.32400000000000023,1594290312.5505812,-28136,3452,1074,471976,-474608,-1548,
0.32800000000000024,1594290312.550631,-50125,4117,254,845052,-847205,-514,
0.33200000000000024,1594290312.5506694,-11104,2201,1644,260694,-265481,671,
0.33600000000000024,1594290312.5507078,3882,422,1643,-26827,20226,1896,
0.34000000000000025,1594290312.550746,235,1082,2043,3559,-9147,53,
0.34400000000000025,1594290312.5507836,-27845,3397,1089,510981,-513587,-1584,
0.34800000000000025,1594290312.550823,-50447,4096,242,898140,-900360,-434,
0.35200000000000026,1594290312.5508616,-10955,2243,1612,292247,-297079,668,
0.35600000000000026,1594290312.5508988,3896,383,1762,-25462,18844,1733,
0.36000000000000026,1594290312.550937,290,1051,2130,8240,-13798,-69,
0.36400000000000027,1594290312.550982,-29351,3450,1085,538364,-540845,-1594,
0.36800000000000027,1594290312.5510204,-51115,4081,239,915635,-917772,-364,
0.3720000000000003,1594290312.5510697,-11351,2247,1659,303812,-308563,610,
0.3760000000000003,1594290312.5511096,3803,446,1806,-23638,16986,1750,
0.3800000000000003,1594290312.551147,16,1081,2133,5318,-10850,-64,
0.3840000000000003,1594290312.5511866,-28799,3406,1087,518942,-521526,-1516,
0.3880000000000003,1594290312.5512261,-49886,4063,240,895084,-897308,-350,
0.3920000000000003,1594290312.5512633,-11182,2218,1688,285069,-289851,701,
0.3960000000000003,1594290312.5513008,3755,390,1695,-26419,19841,1894,
0.4000000000000003,1594290312.551341,224,1033,1996,-164,-5418,133,
0.4040000000000003,1594290312.551379,-28473,3369,1107,479548,-482167,-1550,
0.4080000000000003,1594290312.55142,-51112,4085,279,845040,-847171,-449,
0.4120000000000003,1594290312.5514572,-11437,2205,1618,242907,-247672,737,
0.4160000000000003,1594290312.5515058,3792,416,1430,-29400,22798,2048,
0.4200000000000003,1594290312.5515442,271,984,1835,-6972,1402,252,
0.4240000000000003,1594290312.5515823,-29099,3374,1056,428121,-430740,-1494,
0.4280000000000003,1594290312.551621,-50403,4063,292,764486,-766629,-423,
0.43200000000000033,1594290312.551661,-11531,2226,1437,202660,-207322,771,
0.43600000000000033,1594290312.5516982,3705,380,1187,-32816,26272,2307,
0.44000000000000034,1594290312.5517378,358,956,1619,-13463,7933,470,
0.44400000000000034,1594290312.5517745,-28404,3416,997,378320,-380813,-1493,
0.44800000000000034,1594290312.5518193,-51296,4081,287,700345,-702418,-519,
0.45200000000000035,1594290312.5519083,-11657,2196,1362,162243,-166891,907,
0.45600000000000035,1594290312.551949,3720,335,950,-35464,28844,2599,
0.46000000000000035,1594290312.5519865,332,990,1446,-16887,11292,675,
0.46400000000000036,1594290312.5520365,-28189,3378,1037,337231,-339786,-1486,
0.46800000000000036,1594290312.552078,-50857,4126,258,657438,-659526,-521,
0.47200000000000036,1594290312.552117,-11627,2229,1312,144278,-148871,884,
0.47600000000000037,1594290312.5521557,3751,376,860,-36265,29693,2611,
0.48000000000000037,1594290312.5521934,476,953,1412,-18522,12911,768,
0.4840000000000004,1594290312.5522318,-27661,3401,1019,334288,-336838,-1526,
0.4880000000000004,1594290312.5522711,-51161,4141,234,658799,-660854,-494,
0.4920000000000004,1594290312.5523088,-11652,2209,1327,148024,-152669,933,
0.4960000000000004,1594290312.5523481,3742,380,882,-35782,29220,2579,
0.5000000000000003,1594290312.5523863,401,1008,1440,-16136,10598,646,
0.5040000000000003,1594290312.5524232,-27792,3340,1046,351961,-354551,-1476,
0.5080000000000003,1594290312.5524735,-50977,4108,220,690971,-693071,-443,
0.5120000000000003,1594290312.5525165,-12102,2319,1343,169755,-174419,880,
0.5160000000000003,1594290312.552554,3659,424,1119,-33500,26918,2357,
0.5200000000000004,1594290312.552591,409,979,1613,-12560,6966,473,
0.5240000000000004,1594290312.552628,-28324,3314,1083,393983,-396580,-1487,
0.5280000000000004,1594290312.5526662,-50777,4114,281,753839,-755983,-492,
0.5320000000000004,1594290312.5527053,-11582,2240,1514,209394,-214138,736,
0.5360000000000004,1594290312.5527437,3831,404,1366,-30939,24304,2167,
0.5400000000000004,1594290312.552782,468,983,1824,-7993,2345,333,
0.5440000000000004,1594290312.5528216,-27901,3387,1048,435297,-437902,-1564,
0.5480000000000004,1594290312.5528588,-51943,4145,146,834200,-836224,-480,
0.5520000000000004,1594290312.552909,-12028,2293,1575,262962,-267682,657,
0.5560000000000004,1594290312.5529482,3706,444,1624,-27166,20570,1880,
0.5600000000000004,1594290312.5529878,379,994,2037,-2257,-3373,96,
0.5640000000000004,1594290312.553025,-28438,3374,1152,484754,-487398,-1579,
0.5680000000000004,1594290312.5530636,-50885,4127,235,884548,-886704,-443,
0.5720000000000004,1594290312.553103,-11893,2287,1616,299386,-304141,649,
0.5760000000000004,1594290312.5531418,3660,448,1760,-23841,17204,1776,
0.5800000000000004,1594290312.5531802,432,1023,2120,2608,-8247,26,
0.5840000000000004,1594290312.5532184,-27635,3324,1213,507482,-510163,-1564,
0.5880000000000004,1594290312.553257,-48512,4004,271,912766,-914931,-442,
0.5920000000000004,1594290312.553296,-11928,2368,1617,324758,-329406,582,
0.5960000000000004,1594290312.5533469,3647,469,1841,-22651,16059,1680,
0.6000000000000004,1594290312.5533853,531,1000,2203,1657,-7334,1,
0.6040000000000004,1594290312.5534241,-28512,3374,1112,508783,-511491,-1512,
0.6080000000000004,1594290312.5534618,-51070,4099,178,918300,-920496,-369,
0.6120000000000004,1594290312.5535014,-12277,2244,1630,310700,-315407,614,
0.6160000000000004,1594290312.5535386,3698,434,1755,-24664,18067,1811,
0.6200000000000004,1594290312.5535765,545,969,2080,-1854,-3795,104,
0.6240000000000004,1594290312.5536158,-27175,3291,1200,472569,-475286,-1524,
0.6280000000000004,1594290312.5536542,-50743,4120,220,862830,-865003,-424,
0.6320000000000005,1594290312.5536919,-12424,2229,1562,277021,-281736,647,
0.6360000000000005,1594290312.5537314,3744,360,1570,-27471,20880,1991,
0.6400000000000005,1594290312.5537696,590,972,1904,-7163,1545,240,
0.6440000000000005,1594290312.553818,-27280,3302,1149,426342,-428937,-1574,
0.6480000000000005,1594290312.5538573,-50886,4100,262,793782,-795934,-394,
0.6520000000000005,1594290312.553896,-12137,2285,1488,222276,-226894,687,
0.6560000000000005,1594290312.5539334,3631,378,1270,-31472,24888,2257,
0.6600000000000005,1594290312.553972,356,957,1649,-13073,7523,445,
0.6640000000000005,1594290312.554011,-28123,3368,1028,383047,-385552,-1538,
0.6680000000000005,1594290312.5540483,-51004,4111,266,719625,-721770,-526,
0.6720000000000005,1594290312.5540879,-12314,2236,1422,183847,-188414,823,
0.6760000000000005,1594290312.5541263,3725,416,1018,-34302,27793,2456,
0.6800000000000005,1594290312.5541646,628,929,1442,-18580,12979,676,
0.6840000000000005,1594290312.5542026,-27393,3391,1001,334728,-337350,-1478,
0.6880000000000005,1594290312.5542517,-52542,4239,179,674808,-676862,-548,
0.6920000000000005,1594290312.5542915,-12462,2322,1219,163768,-168344,873,
0.6960000000000005,1594290312.55433,3721,345,870,-35938,29391,2646,
0.7000000000000005,1594290312.5543678,649,927,1377,-19113,13476,804,
0.7040000000000005,1594290312.5544062,-27211,3296,1055,326299,-328908,-1504,
0.7080000000000005,1594290312.5544438,-49849,4122,288,655384,-657478,-578,
0.7120000000000005,1594290312.5544827,-12404,2303,1262,150922,-155460,834,
0.7160000000000005,1594290312.554521,3604,378,868,-35917,29371,2612,
0.7200000000000005,1594290312.5545602,665,954,1406,-19651,13977,785,
0.7240000000000005,1594290312.5545993,-27215,3345,1069,328809,-331408,-1519,
0.7280000000000005,1594290312.5546372,-51051,4156,285,673440,-675492,-601,
0.7320000000000005,1594290312.5546758,-12403,2340,1349,171280,-175846,778,
0.7360000000000005,1594290312.554726,3582,403,1030,-34089,27542,2475,
0.7400000000000005,1594290312.5547655,635,942,1556,-16939,11258,671,
0.7440000000000005,1594290312.554803,-27386,3277,1178,356867,-359535,-1553,
0.7480000000000006,1594290312.5548413,-51047,4072,323,736400,-738425,-619,
0.7520000000000006,1594290312.5548801,-12253,2326,1460,213062,-217678,687,
0.7560000000000006,1594290312.5549197,3719,378,1334,-31325,24716,2178,
0.7600000000000006,1594290312.5549572,713,933,1785,-12681,6998,383,
0.7640000000000006,1594290312.5550106,-27723,3280,1162,408362,-411064,-1523,
0.7680000000000006,1594290312.5550485,-52523,4114,225,809561,-811717,-446,
0.7720000000000006,1594290312.5550873,-12471,2339,1536,255178,-259863,735,
0.7760000000000006,1594290312.5551252,3707,374,1546,-27731,21055,2064,
0.7800000000000006,1594290312.5551715,700,913,1960,-7452,1708,323,
0.7840000000000006,1594290312.5552092,-27359,3295,1144,454153,-456824,-1453,
0.7880000000000006,1594290312.555246,-51561,4164,156,875565,-877646,-444,
0.7920000000000006,1594290312.5552828,-12735,2315,1603,295951,-300584,645,
0.7960000000000006,1594290312.5553234,3526,461,1722,-24811,18263,1807,
0.8000000000000006,1594290312.5553598,706,1031,2058,-1381,-4284,135,
0.8040000000000006,1594290312.555398,-26799,3322,1135,489357,-492074,-1514,
0.8080000000000006,1594290312.5554368,-51250,4153,159,918771,-920921,-374,
0.8120000000000006,1594290312.5554748,-12236,2358,1636,328291,-333031,646,
0.8160000000000006,1594290312.5555115,3699,477,1837,-22209,15541,1681,
0.8200000000000006,1594290312.5555487,807,938,2184,340,-6078,43,
0.8240000000000006,1594290312.5555975,-27051,3271,1222,497532,-500258,-1551,
0.8280000000000006,1594290312.5556357,-51694,4138,147,923508,-925626,-414,
0.8320000000000006,1594290312.5556738,-12532,2317,1616,328590,-333287,561,
0.8360000000000006,1594290312.5557115,3616,452,1788,-22195,15570,1745,
0.8400000000000006,1594290312.55575,705,1019,2066,-2537,-3142,94,
0.8440000000000006,1594290312.5557878,-26530,3330,1203,472757,-475518,-1524,
0.8480000000000006,1594290312.5558257,-50610,4176,181,890375,-892532,-419,
0.8520000000000006,1594290312.5558639,-13125,2348,1522,310818,-315437,652,
0.8560000000000006,1594290312.5559034,3566,466,1621,-24412,17859,1902,
0.8600000000000007,1594290312.5559402,775,946,1936,-8843,3177,256,
0.8640000000000007,1594290312.5559764,-26258,3285,1176,428537,-431249,-1524,
0.8680000000000007,1594290312.556014,-51301,4102,222,829987,-832064,-520,
0.8720000000000007,1594290312.556062,-12866,2299,1495,254135,-258747,661,
0.8760000000000007,1594290312.5561016,3676,393,1381,-29711,23112,2168,
0.8800000000000007,1594290312.5561383,834,930,1744,-13437,7707,473,
0.8840000000000007,1594290312.5561762,-26966,3295,1094,385953,-388509,-1590,
0.8880000000000007,1594290312.5562134,-51547,4161,184,759496,-761500,-523,
0.8920000000000007,1594290312.5562513,-12717,2305,1385,207445,-211954,726,
0.8960000000000007,1594290312.55629,3539,407,1107,-33106,26541,2409,
0.9000000000000007,1594290312.5563588,784,964,1490,-18941,13280,692,
0.9040000000000007,1594290312.5564022,-26349,3276,1092,330052,-332736,-1496,
0.9080000000000007,1594290312.556441,-51814,4161,182,690803,-692932,-466,
0.9120000000000007,1594290312.55648,-13214,2384,1280,177281,-181841,835,
0.9160000000000007,1594290312.5565376,3574,391,892,-34982,28458,2569,
0.9200000000000007,1594290312.5565856,996,911,1300,-21561,15876,879,
0.9240000000000007,1594290312.5566227,-26628,3320,1023,316925,-319555,-1423,
0.9280000000000007,1594290312.5566623,-53076,4218,128,668881,-670870,-550,
0.9320000000000007,1594290312.5566995,-13583,2340,1318,164315,-168797,806,
0.9360000000000007,1594290312.5567386,3514,436,895,-35430,28895,2592,
0.9400000000000007,1594290312.5567763,842,898,1370,-21103,15405,894,
0.9440000000000007,1594290312.556814,-26582,3318,1024,310283,-313021,-1368,
0.9480000000000007,1594290312.5568516,-52575,4195,185,671259,-673276,-575,
0.9520000000000007,1594290312.5568886,-13492,2319,1310,171549,-176046,759,
0.9560000000000007,1594290312.5569274,3583,392,970,-34535,28017,2536,
0.9600000000000007,1594290312.556973,930,907,1441,-19483,13773,763,
0.9640000000000007,1594290312.55703,-26113,3331,1065,336889,-339623,-1443,
0.9680000000000007,1594290312.5570683,-51645,4155,208,720681,-722715,-529,
0.9720000000000008,1594290312.5571065,-13048,2281,1429,201698,-206272,749,
0.9760000000000008,1594290312.5571444,3563,400,1217,-32157,25555,2309,
0.9800000000000008,1594290312.5572007,899,930,1655,-15532,9857,573,
0.9840000000000008,1594290312.557238,-26741,3345,1075,386207,-388868,-1500,
0.9880000000000008,1594290312.557276,-51719,4188,180,787366,-789391,-449,
0.9920000000000008,1594290312.5573146,-13132,2345,1497,251921,-256474,675,
0.9960000000000008,1594290312.557352,3519,470,1501,-28336,21794,2070,
1.0000000000000007,1594290312.5573895,897,994,1866,-10760,4979,367,
1.0040000000000007,1594290312.557428,-25349,3242,1177,416417,-419174,-1549,
1.0080000000000007,1594290312.5574746,-50917,4164,181,858583,-860623,-548,
1.0120000000000007,1594290312.5575125,-13581,2412,1480,303179,-307738,611,
1.0160000000000007,1594290312.5575495,3582,449,1679,-24462,17894,1850,
1.0200000000000007,1594290312.5575862,986,987,2020,-5005,-704,169,
1.0240000000000007,1594290312.557623,-26501,3275,1199,469261,-471912,-1629,
1.0280000000000007,1594290312.5576603,-52873,4159,197,915415,-917502,-523,
1.0320000000000007,1594290312.5576975,-13253,2405,1578,337161,-341766,521,
1.0360000000000007,1594290312.5577412,3492,522,1824,-21146,14574,1659,
1.0400000000000007,1594290312.5577781,980,936,2152,-2265,-3477,107,
1.0440000000000007,1594290312.5578165,-25642,3263,1253,485879,-488624,-1548,
1.0480000000000007,1594290312.5578554,-51426,4187,136,931236,-933295,-461,
1.0520000000000007,1594290312.5579028,-13363,2428,1546,351530,-356101,616,
1.0560000000000007,1594290312.5579426,3564,496,1813,-21098,14514,1733,
1.0600000000000007,1594290312.5579793,1108,976,2126,-3965,-1780,138,
1.0640000000000007,1594290312.5580354,-26495,3285,1200,476271,-478993,-1557,
1.0680000000000007,1594290312.558072,-51923,4183,122,913341,-915425,-417,
1.0720000000000007,1594290312.55811,-13505,2423,1514,332881,-337442,645,
1.0760000000000007,1594290312.5581486,3564,490,1690,-23210,16640,1789,
1.0800000000000007,1594290312.5581853,954,921,1993,-7880,2142,240,
1.0840000000000007,1594290312.5582242,-25485,3277,1241,434702,-437478,-1565,
1.0880000000000007,1594290312.5582614,-52512,4186,180,853868,-855948,-463,
1.0920000000000007,1594290312.5583003,-13655,2390,1558,282583,-287211,624,
1.0960000000000008,1594290312.558337,3474,499,1479,-27576,21034,2045,
1.1000000000000008,1594290312.5583856,1038,874,1794,-14098,8408,430,
1.1040000000000008,1594290312.5584238,-25927,3286,1131,383077,-385764,-1549,
1.1080000000000008,1594290312.5584624,-53058,4189,184,782291,-784321,-499,
1.1120000000000008,1594290312.5585005,-13450,2394,1443,229867,-234482,724,
1.1160000000000008,1594290312.5585394,3522,466,1202,-31592,25031,2293,
1.1200000000000008,1594290312.558576,973,899,1571,-18826,13133,685,
1.1240000000000008,1594290312.5586143,-25702,3232,1162,335422,-338108,-1502,
1.1280000000000008,1594290312.5586524,-53163,4221,161,714770,-716768,-520,
1.1320000000000008,1594290312.5586903,-13661,2375,1296,197355,-201864,780,
1.1360000000000008,1594290312.5587287,3476,389,997,-33820,27361,2483,
1.1400000000000008,1594290312.5587652,1074,861,1399,-21778,16066,864,
1.1440000000000008,1594290312.558813,-25476,3223,1137,304392,-307131,-1493,
1.1480000000000008,1594290312.5588524,-52115,4179,200,675011,-677004,-574,
1.1520000000000008,1594290312.5588918,-13752,2313,1303,177392,-181903,809,
1.1560000000000008,1594290312.5589285,3568,385,882,-35358,28867,2605,
1.1600000000000008,1594290312.5589912,1142,842,1289,-22563,16836,941,
1.1640000000000008,1594290312.5590289,-25425,3191,1104,289711,-292422,-1463,
1.1680000000000008,1594290312.5590694,-52385,4200,193,663451,-665361,-617,
1.1720000000000008,1594290312.5591078,-14250,2432,1213,185394,-189792,791,
1.1760000000000008,1594290312.5591457,3570,409,926,-34855,28326,2560,
1.1800000000000008,1594290312.5591834,1011,902,1393,-21002,15293,845,
1.1840000000000008,1594290312.5592377,-24988,3175,1114,316056,-318791,-1448,
1.1880000000000008,1594290312.5592747,-52184,4189,188,702938,-704844,-556,
1.1920000000000008,1594290312.559323,-14585,2435,1288,207600,-212005,740,
1.1960000000000008,1594290312.559361,3539,447,1150,-32515,26011,2351,
1.2000000000000008,1594290312.559398,1165,900,1586,-18785,13058,685,
1.2040000000000008,1594290312.559435,-25202,3243,1171,354431,-357177,-1536,
1.2080000000000009,1594290312.559476,-51405,4194,162,768309,-770323,-582,
1.2120000000000009,1594290312.5595214,-13728,2402,1482,242937,-247483,674,
1.2160000000000009,1594290312.5595708,3518,510,1384,-29091,22547,2111,
1.2200000000000009,1594290312.5596073,1076,875,1775,-13974,8198,501,
1.2240000000000009,1594290312.5596435,-25075,3240,1178,396035,-398791,-1601,
1.2280000000000009,1594290312.5596814,-51324,4168,181,828348,-830366,-582,
1.2320000000000009,1594290312.5597196,-14225,2405,1497,293242,-297802,639,
1.2360000000000009,1594290312.5597696,3532,472,1670,-24372,17770,1876,
1.2400000000000009,1594290312.5598085,1199,905,2019,-9097,3222,305,
1.2440000000000009,1594290312.5598464,-25691,3243,1270,440519,-443435,-1493,
1.2480000000000009,1594290312.559893,-52028,4189,211,902178,-904269,-539,
1.252000000000001,1594290312.559939,-13712,2455,1595,340482,-345051,536,
1.256000000000001,1594290312.5599778,3613,481,1818,-21027,14420,1787,
1.260000000000001,1594290312.5600142,1278,826,2125,-6282,462,229,
1.264000000000001,1594290312.560053,-25497,3208,1263,462438,-465179,-1599,
1.268000000000001,1594290312.5600991,-51222,4191,140,923986,-926070,-483,
1.272000000000001,1594290312.5601468,-13780,2534,1523,362877,-367457,541,
1.276000000000001,1594290312.5601838,3481,579,1828,-18697,12091,1671,
1.280000000000001,1594290312.560233,1314,883,2158,-5428,-396,177,
1.284000000000001,1594290312.5602713,-25300,3208,1282,465640,-468379,-1595,
1.288000000000001,1594290312.5603104,-50240,4098,198,914678,-916689,-536,
1.292000000000001,1594290312.5603483,-13733,2393,1578,347717,-352211,503,
1.296000000000001,1594290312.5604055,3577,463,1751,-21824,15274,1743,
1.300000000000001,1594290312.5604615,1235,905,2019,-8787,3014,277,
1.304000000000001,1594290312.560518,-24937,3258,1267,433265,-436061,-1577,
1.308000000000001,1594290312.5605571,-51484,4170,206,879220,-881223,-512,
1.312000000000001,1594290312.560615,-14079,2430,1517,316501,-321009,577,
1.316000000000001,1594290312.5606804,3358,518,1534,-25290,18783,1919,
1.320000000000001,1594290312.5607271,1243,896,1853,-14026,8196,453,
1.324000000000001,1594290312.5607767,-24495,3245,1185,379097,-381921,-1602,
1.328000000000001,1594290312.5608153,-51984,4192,151,797981,-800012,-543,
1.332000000000001,1594290312.5608532,-14117,2453,1416,260937,-265383,646,
1.336000000000001,1594290312.5608914,3499,492,1314,-30039,23507,2174,
1.340000000000001,1594290312.560929,1153,899,1608,-18492,12717,662,
1.344000000000001,1594290312.5609672,-25193,3270,1117,341306,-344052,-1532,
1.348000000000001,1594290312.5610063,-50775,4251,163,731722,-733752,-555,
1.352000000000001,1594290312.5610957,-14211,2468,1306,216726,-221189,725,
1.356000000000001,1594290312.561136,3327,507,1016,-33087,26557,2448,
1.360000000000001,1594290312.5611737,1250,902,1429,-22386,16581,881,
1.364000000000001,1594290312.561213,-25051,3272,1098,304971,-307730,-1487,
1.368000000000001,1594290312.5612507,-52480,4211,167,680092,-682070,-595,
1.372000000000001,1594290312.5613165,-13959,2446,1275,184468,-188901,770,
1.376000000000001,1594290312.561356,3344,431,927,-34830,28308,2594,
1.380000000000001,1594290312.5613942,1261,807,1367,-24156,18348,987,
1.384000000000001,1594290312.5614338,-24256,3162,1163,284194,-286976,-1502,
1.388000000000001,1594290312.561471,-50921,4223,227,655461,-657414,-675,
1.392000000000001,1594290312.5615094,-14442,2447,1266,183633,-188025,755,
1.396000000000001,1594290312.561548,3419,491,903,-34743,28219,2596,
1.400000000000001,1594290312.561585,1218,867,1308,-23692,17945,971,
1.404000000000001,1594290312.5616226,-24582,3195,1156,292747,-295557,-1419,
1.408000000000001,1594290312.561662,-51972,4242,181,682890,-684863,-553,
1.412000000000001,1594290312.561699,-14653,2446,1258,200127,-204533,718,
1.416000000000001,1594290312.5617476,3475,455,1051,-33141,26649,2451,
1.420000000000001,1594290312.5617867,1399,783,1526,-21896,16054,901,
1.424000000000001,1594290312.561834,-24628,3275,1153,326715,-329477,-1544,
1.428000000000001,1594290312.561873,-51601,4282,139,745558,-747528,-588,
1.432000000000001,1594290312.5619128,-14302,2468,1381,240378,-244826,668,
1.436000000000001,1594290312.5619516,3379,446,1338,-29228,22644,2202,
1.440000000000001,1594290312.5619903,1271,853,1692,-18324,12489,604,
1.444000000000001,1594290312.5620294,-24796,3223,1161,365197,-368033,-1511,
1.448000000000001,1594290312.5620685,-50923,4245,146,809974,-812019,-499,
1.452000000000001,1594290312.5621078,-14437,2497,1415,290631,-295058,579,
1.456000000000001,1594290312.562147,3422,477,1562,-24828,18320,1962,
1.460000000000001,1594290312.5621967,1332,863,1930,-12299,6498,466,
1.464000000000001,1594290312.562236,-24384,3254,1202,413893,-416669,-1549,
1.468000000000001,1594290312.562276,-52251,4299,89,881734,-883714,-534,
1.472000000000001,1594290312.5623157,-14240,2481,1495,336188,-340749,563,
1.476000000000001,1594290312.562356,3386,530,1732,-20708,14208,1791,
1.480000000000001,1594290312.5623937,1402,967,2046,-7590,1745,270,
1.484000000000001,1594290312.5624332,-24373,3280,1239,445947,-448799,-1573,
1.488000000000001,1594290312.5624714,-51646,4229,151,923684,-925732,-542,
1.492000000000001,1594290312.5625105,-14623,2455,1520,371566,-376030,535,
1.496000000000001,1594290312.5625508,3371,517,1821,-17656,11157,1675,
1.500000000000001,1594290312.5625882,1292,858,2119,-6145,350,200,
1.5040000000000011,1594290312.562628,-24568,3172,1291,454205,-457032,-1554,
1.5080000000000011,1594290312.562677,-52289,4199,90,935765,-937767,-490,
1.5120000000000011,1594290312.5627224,-14414,2450,1545,363024,-367514,528,
1.5160000000000011,1594290312.5627608,3253,569,1761,-18878,12337,1697,
1.5200000000000011,1594290312.5627987,1353,889,2050,-9297,3438,268,
1.5240000000000011,1594290312.5628366,-24763,3288,1181,438815,-441627,-1548,
1.5280000000000011,1594290312.562875,-53332,4269,29,900889,-902914,-472,
1.5320000000000011,1594290312.5629132,-14713,2498,1452,338120,-342644,548,
1.5360000000000011,1594290312.5629513,3387,528,1614,-21999,15462,1858,
1.5400000000000011,1594290312.5629995,1389,910,1905,-14145,8281,474,
1.5440000000000011,1594290312.5630386,-24156,3162,1308,386963,-389835,-1580,
1.5480000000000012,1594290312.5630777,-51662,4233,146,835890,-837882,-590,
1.5520000000000012,1594290312.563129,-14508,2482,1438,287473,-292002,584,
1.5560000000000012,1594290312.5631695,3331,510,1407,-27329,20781,2096,
1.5600000000000012,1594290312.563209,1433,845,1693,-18608,12743,676,
1.5640000000000012,1594290312.563248,-24255,3286,1132,346047,-348897,-1482,
1.5680000000000012,1594290312.563286,-51756,4256,124,762349,-764385,-586,
1.5720000000000012,1594290312.5633266,-15081,2523,1290,242017,-246478,674,
1.5760000000000012,1594290312.5633667,3308,516,1130,-31379,24866,2342,
1.5800000000000012,1594290312.5634046,1521,822,1446,-22955,17096,920,
1.5840000000000012,1594290312.5634422,-24413,3188,1127,302731,-305553,-1473,
1.5880000000000012,1594290312.563483,-52605,4238,89,703384,-705312,-572,
1.5920000000000012,1594290312.5635226,-14960,2477,1215,210463,-214834,754,
1.5960000000000012,1594290312.563572,3274,481,911,-34041,27559,2528,
1.6000000000000012,1594290312.5636125,1360,879,1282,-24509,18657,1038,
1.6040000000000012,1594290312.5636516,-23653,3170,1109,276956,-279744,-1477,
1.6080000000000012,1594290312.56369,-51510,4174,207,668111,-670094,-594,
1.6120000000000012,1594290312.5637283,-15005,2459,1216,192654,-197045,769,
1.6160000000000012,1594290312.5637667,3356,445,882,-34586,28084,2560,
1.6200000000000012,1594290312.5638053,1437,810,1294,-24924,19071,1094,
1.6240000000000012,1594290312.5638435,-24408,3227,1065,286526,-289309,-1449,
1.6280000000000012,1594290312.5638871,-51912,4257,114,683270,-685183,-607,
1.6320000000000012,1594290312.5639262,-15061,2498,1276,205414,-209805,787,
1.6360000000000012,1594290312.5639668,3317,461,1041,-33583,27102,2465,
1.6400000000000012,1594290312.5640056,1462,815,1426,-23405,17593,935,
1.6440000000000012,1594290312.564055,-23993,3191,1177,303733,-306532,-1501,
1.6480000000000012,1594290312.5640967,-53134,4274,133,728222,-730210,-644,
1.6520000000000012,1594290312.5641353,-15567,2565,1307,240681,-245090,598,
1.6560000000000012,1594290312.564174,3391,475,1261,-30887,24380,2217,
1.6600000000000013,1594290312.564214,1580,843,1623,-20152,14311,700,
1.6640000000000013,1594290312.5642529,-23735,3165,1230,342936,-345785,-1571,
1.6680000000000013,1594290312.5642922,-52136,4200,208,790651,-792664,-677,
1.6720000000000013,1594290312.5643315,-14695,2417,1473,278308,-282815,585,
1.6760000000000013,1594290312.5643718,3414,482,1481,-26871,20348,2075,
1.6800000000000013,1594290312.5644102,1511,859,1840,-15571,9722,552,
1.6840000000000013,1594290312.56445,-24078,3157,1227,392525,-395303,-1526,
1.6880000000000013,1594290312.5645003,-52561,4239,170,860170,-862141,-599,
1.6920000000000013,1594290312.5645413,-15494,2521,1490,335523,-339954,522,
1.6960000000000013,1594290312.5645797,3333,560,1666,-21674,15147,1793,
1.7000000000000013,1594290312.564619,1532,854,2032,-11809,5963,346,
1.7040000000000013,1594290312.5646589,-24509,3150,1313,422635,-425519,-1566,
1.7080000000000013,1594290312.5646994,-53748,4203,132,921734,-923685,-541,
1.7120000000000013,1594290312.564738,-15547,2521,1482,377397,-381912,573,
1.7160000000000013,1594290312.5647786,3222,599,1795,-17448,10957,1678,
1.7200000000000013,1594290312.564817,1532,797,2106,-9421,3519,333,
1.7240000000000013,1594290312.5648556,-24824,3225,1272,448181,-451027,-1505,
1.7280000000000013,1594290312.5648959,-51933,4245,112,942210,-944250,-460,
1.7320000000000013,1594290312.5649345,-15671,2538,1498,397101,-401513,518,
1.7360000000000013,1594290312.5649848,3275,583,1825,-16711,10185,1656,
1.7400000000000013,1594290312.565026,1526,836,2128,-9775,3817,342,
1.7440000000000013,1594290312.5650666,-23725,3231,1249,429626,-432567,-1506,
1.7480000000000013,1594290312.565105,-50850,4119,210,904114,-906194,-547,
1.7520000000000013,1594290312.5651457,-15148,2513,1441,364059,-368394,478,
1.7560000000000013,1594290312.5651853,3338,508,1676,-19618,13134,1789,
1.7600000000000013,1594290312.5652244,1580,791,1977,-14114,8233,422,
1.7640000000000013,1594290312.5652623,-23630,3144,1293,392977,-395862,-1557,
1.7680000000000013,1594290312.5653026,-52042,4171,108,858667,-860683,-543,
1.7720000000000014,1594290312.5653498,-15804,2572,1379,325218,-329616,567,
1.7760000000000014,1594290312.5653882,3292,519,1474,-24676,18225,1990,
1.7800000000000014,1594290312.5654364,1627,784,1764,-19048,13183,677,
1.7840000000000014,1594290312.5654757,-23234,3117,1279,343585,-346454,-1532,
1.7880000000000014,1594290312.5655131,-52057,4188,167,783372,-785360,-571,
1.7920000000000014,1594290312.565554,-15403,2519,1321,271918,-276268,613,
1.7960000000000014,1594290312.5655909,3298,444,1241,-29336,22840,2276,
1.8000000000000014,1594290312.5656292,1697,793,1524,-22986,17132,902,
1.8040000000000014,1594290312.5656986,-22725,3103,1208,297051,-299954,-1427,
1.8080000000000014,1594290312.5657375,-52752,4193,138,721184,-723136,-546,
1.8120000000000014,1594290312.5657778,-15652,2476,1282,225953,-230347,711,
1.8160000000000014,1594290312.5658157,3139,524,977,-32884,26436,2479,
1.8200000000000014,1594290312.565855,1721,710,1356,-25632,19756,1120,
1.8240000000000014,1594290312.565893,-23168,3115,1148,275684,-278501,-1496,
1.8280000000000014,1594290312.5659423,-52597,4310,154,674133,-676045,-660,
1.8320000000000014,1594290312.5659819,-15540,2529,1243,203261,-207598,734,
1.8360000000000014,1594290312.5660207,3209,496,878,-34274,27805,2583,
1.8400000000000014,1594290312.5660598,1697,784,1266,-26641,20789,1116,
1.8440000000000014,1594290312.5660977,-22474,3103,1155,263622,-266434,-1446,
1.8480000000000014,1594290312.5661361,-51017,4193,210,661976,-663917,-641,
1.8520000000000014,1594290312.5661736,-15917,2513,1186,206695,-210996,758,
1.8560000000000014,1594290312.566212,3243,512,985,-33646,27136,2488,
1.8600000000000014,1594290312.566251,1661,785,1374,-25502,19602,1083,
1.8640000000000014,1594290312.5662882,-23142,3122,1204,281541,-284451,-1403,
1.8680000000000014,1594290312.5663266,-51338,4227,162,703456,-705344,-717,
1.8720000000000014,1594290312.5663762,-15745,2538,1248,233003,-237287,631,
1.8760000000000014,1594290312.5664158,3175,539,1175,-30952,24457,2333,
1.8800000000000014,1594290312.5664554,1623,806,1527,-22952,17088,924,
1.8840000000000015,1594290312.5664937,-22844,3151,1260,316266,-319191,-1476,
1.8880000000000015,1594290312.5665338,-51887,4174,240,769687,-771706,-664,
1.8920000000000015,1594290312.5665712,-15808,2543,1360,279511,-283951,592,
1.8960000000000015,1594290312.5666108,3225,524,1418,-26935,20375,2120,
1.9000000000000015,1594290312.5666478,1746,791,1778,-19049,13108,697,
1.9040000000000015,1594290312.566686,-22391,3105,1329,352651,-355645,-1487,
1.9080000000000015,1594290312.5667248,-52103,4218,187,841593,-843537,-595,
1.9120000000000015,1594290312.5667636,-16609,2555,1384,343857,-348244,576,
1.9160000000000015,1594290312.5668132,3219,528,1668,-21500,14944,1852,
1.9200000000000015,1594290312.566853,1662,866,1961,-14366,8423,468,
1.9240000000000015,1594290312.5668907,-23376,3105,1329,404387,-407301,-1495,
1.9280000000000015,1594290312.5669305,-53024,4167,172,912145,-914098,-554,
1.9320000000000015,1594290312.5669837,-16209,2562,1441,379881,-384323,532,
1.9360000000000015,1594290312.5670314,3273,588,1785,-17739,11223,1716,
1.9400000000000015,1594290312.5670707,1699,802,2052,-10917,5017,366,
1.9440000000000015,1594290312.567109,-23217,3117,1337,429152,-432075,-1630,
1.9480000000000015,1594290312.5671482,-53402,4207,91,938799,-940696,-531,
1.9520000000000015,1594290312.5671856,-16523,2590,1446,401644,-406023,469,
1.9560000000000015,1594290312.5672247,3144,562,1842,-15889,9352,1686,
1.9600000000000015,1594290312.5672736,1780,805,2132,-11105,5141,323,
1.9640000000000015,1594290312.5673118,-22749,3099,1396,419493,-422431,-1577,
1.9680000000000015,1594290312.5673516,-52713,4171,119,926030,-928033,-548,
1.9720000000000015,1594290312.5673892,-15802,2555,1475,386231,-390692,486,
1.9760000000000015,1594290312.5674276,3238,546,1777,-17456,10952,1757,
1.9800000000000015,1594290312.567467,1697,826,2003,-13197,7310,395,
1.9840000000000015,1594290312.5675056,-22924,3112,1362,393830,-396731,-1587,
1.9880000000000015,1594290312.567543,-50642,4164,238,872242,-874278,-603,
1.9920000000000015,1594290312.5675817,-15813,2568,1409,349574,-353966,536,
1.9960000000000016,1594290312.5676212,3242,547,1576,-21372,14916,1861,
2.0000000000000013,1594290312.5676582,1755,807,1809,-18336,12426,609,
2.0040000000000013,1594290312.5676963,-22538,3092,1305,347231,-350127,-1595,
2.0080000000000013,1594290312.5677454,-51517,4215,134,800687,-802678,-572,
2.0120000000000013,1594290312.5677853,-16081,2525,1404,290584,-294958,537,
2.0160000000000013,1594290312.567823,3140,552,1317,-27160,20714,2150,
2.0200000000000014,1594290312.5678606,1787,767,1567,-23093,17164,875,
2.0240000000000014,1594290312.5678978,-22567,3101,1247,305220,-308136,-1426,
2.0280000000000014,1594290312.5679393,-53645,4289,75,745611,-747499,-596,
2.0320000000000014,1594290312.5679803,-16486,2548,1305,252187,-256470,590,
2.0360000000000014,1594290312.568018,3168,561,1095,-31251,24866,2360,
2.0400000000000014,1594290312.5680554,1756,765,1384,-25851,19914,1088,
2.0440000000000014,1594290312.5680933,-22267,3148,1184,273090,-276022,-1434,
2.0480000000000014,1594290312.5681329,-51570,4282,145,683857,-685727,-685,
2.0520000000000014,1594290312.5681825,-16821,2626,1189,224315,-228558,688,
2.0560000000000014,1594290312.5682218,3040,588,901,-33102,26690,2529,
2.0600000000000014,1594290312.56826,1806,759,1281,-27245,21344,1171,
2.0640000000000014,1594290312.568298,-22272,3131,1164,257517,-260408,-1442,
2.0680000000000014,1594290312.5683384,-52034,4262,125,669550,-671478,-672,
2.0720000000000014,1594290312.5683782,-16343,2589,1180,213352,-217630,678,
2.0760000000000014,1594290312.5684159,3136,523,940,-33225,26790,2554,
2.0800000000000014,1594290312.5684555,1847,779,1260,-27239,21347,1188,
2.0840000000000014,1594290312.568493,-21934,3045,1236,263648,-266554,-1375,
2.0880000000000014,1594290312.5685327,-52050,4174,211,693866,-695763,-680,
2.0920000000000014,1594290312.5685718,-16961,2566,1249,235786,-240028,623,
2.0960000000000014,1594290312.5686095,3061,556,1077,-31472,25005,2418,
2.1000000000000014,1594290312.5686586,1793,726,1449,-25282,19340,1030,
2.1040000000000014,1594290312.568699,-22249,3036,1245,290211,-293110,-1493,
2.1080000000000014,1594290312.5687366,-53694,4218,119,754935,-756730,-670,
2.1120000000000014,1594290312.5687757,-17319,2560,1286,277475,-281724,597,
2.1160000000000014,1594290312.5688145,3078,544,1383,-27531,21102,2147,
2.1200000000000014,1594290312.5688539,1768,746,1709,-21736,15826,781,
2.1240000000000014,1594290312.5688915,-22587,3106,1268,333579,-336463,-1536,
2.1280000000000014,1594290312.5689318,-53560,4200,121,823254,-825141,-619,
2.1320000000000014,1594290312.5689692,-16693,2495,1454,328840,-333236,564,
2.1360000000000015,1594290312.569008,3115,534,1575,-21936,15479,1903,
2.1400000000000015,1594290312.5690465,1741,777,1847,-16766,10873,528,
2.1440000000000015,1594290312.5690951,-22266,3046,1314,378672,-381649,-1532,
2.1480000000000015,1594290312.5691352,-53323,4208,97,892246,-894194,-581,
2.1520000000000015,1594290312.5691755,-17314,2599,1437,384062,-388385,460,
2.1560000000000015,1594290312.5692134,3078,588,1768,-16401,9937,1645,
2.1600000000000015,1594290312.569253,1892,715,2103,-13568,7609,446,
2.1640000000000015,1594290312.5692906,-22365,3073,1364,405700,-408650,-1545,
2.1680000000000015,1594290312.5693295,-52463,4182,89,928530,-930556,-529,
2.1720000000000015,1594290312.5693686,-17502,2599,1423,411660,-416088,418,
2.1760000000000015,1594290312.5694091,3008,625,1837,-14168,7648,1643,
2.1800000000000015,1594290312.5694466,1757,846,2061,-11730,5790,381,
2.1840000000000015,1594290312.569484,-22666,3078,1359,413353,-416381,-1519,
2.1880000000000015,1594290312.5695226,-51899,4189,74,936289,-938289,-565,
2.1920000000000015,1594290312.5695727,-16246,2542,1431,400906,-405292,527,
2.1960000000000015,1594290312.5696137,3075,587,1832,-15390,8897,1695,
2.2000000000000015,1594290312.5696516,1829,736,2044,-13092,7148,476,
2.2040000000000015,1594290312.5696912,-22342,3063,1326,388926,-391887,-1545,
2.2080000000000015,1594290312.5697293,-52564,4243,132,899947,-901888,-613,
2.2120000000000015,1594290312.5697677,-16441,2645,1396,381986,-386341,488,
2.2160000000000015,1594290312.5698075,3184,615,1648,-18122,11594,1837,
2.2200000000000015,1594290312.569846,2027,757,1859,-18434,12427,641,
2.2240000000000015,1594290312.569883,-22006,3041,1392,347989,-350973,-1548,
2.2280000000000015,1594290312.5699232,-53551,4186,148,839126,-841045,-572,
2.2320000000000015,1594290312.5699723,-17201,2615,1369,327743,-332070,563,
2.2360000000000015,1594290312.5700126,3027,646,1386,-24537,18161,2023,
2.2400000000000015,1594290312.570051,1970,718,1606,-22585,16656,866,
2.2440000000000015,1594290312.5700903,-21707,3040,1343,304627,-307665,-1466,
2.2480000000000016,1594290312.570129,-51914,4192,184,755867,-757859,-681,
2.2520000000000016,1594290312.5701969,-16999,2660,1272,277314,-281692,628,
2.2560000000000016,1594290312.5702376,3063,484,1216,-29296,22780,2385,
2.2600000000000016,1594290312.570277,1893,718,1470,-26100,20103,1104,
2.2640000000000016,1594290312.570315,-21794,2967,1283,269822,-272808,-1444,
2.2680000000000016,1594290312.570354,-51887,4192,182,701646,-703511,-677,
2.2720000000000016,1594290312.570393,-17371,2656,1213,240199,-244447,620,
2.2760000000000016,1594290312.5704322,3012,543,961,-32068,25666,2518,
2.2800000000000016,1594290312.5704815,1895,708,1266,-27793,21858,1239,
2.2840000000000016,1594290312.5705218,-21910,3038,1222,249798,-252772,-1408,
2.2880000000000016,1594290312.5705612,-53135,4208,225,669484,-671363,-720,
2.2920000000000016,1594290312.570601,-17340,2521,1293,215855,-220092,649,
2.2960000000000016,1594290312.570639,2911,523,924,-33106,26693,2559,
2.3000000000000016,1594290312.5706773,1875,673,1251,-28072,22150,1286,
2.3040000000000016,1594290312.5707166,-21464,3011,1223,247643,-250636,-1382,
2.3080000000000016,1594290312.5707557,-53893,4279,98,683688,-685580,-676,
2.3120000000000016,1594290312.5707943,-17787,2626,1222,233072,-237301,628,
2.3160000000000016,1594290312.5708334,2929,523,1021,-31783,25390,2424,
2.3200000000000016,1594290312.5708706,1808,706,1352,-26617,20703,1156,
2.3240000000000016,1594290312.57092,-21551,2912,1334,269406,-272440,-1419,
2.3280000000000016,1594290312.5709789,-51815,4199,223,720137,-722116,-735,
2.3320000000000016,1594290312.5710275,-16808,2585,1327,259724,-264052,559,
2.3360000000000016,1594290312.5710661,2920,532,1258,-28547,22137,2201,
2.3400000000000016,1594290312.571104,1989,685,1583,-23866,17828,985,
2.3440000000000016,1594290312.571145,-21780,2995,1301,308514,-311552,-1433,
2.3480000000000016,1594290312.571183,-51489,4247,104,796290,-798218,-650,
2.3520000000000016,1594290312.5712225,-17548,2657,1298,329593,-333843,508,
2.3560000000000016,1594290312.5712628,3020,592,1519,-22562,16100,1951,
2.3600000000000017,1594290312.5713015,1891,742,1821,-20046,14056,683,
2.3640000000000017,1594290312.5713394,-21768,3040,1358,345206,-348232,-1529,
2.3680000000000017,1594290312.57139,-53138,4208,105,869441,-871336,-626,
2.3720000000000017,1594290312.5714295,-17866,2606,1393,382541,-386832,473,
2.3760000000000017,1594290312.57147,2953,598,1698,-16229,9780,1785,
2.3800000000000017,1594290312.5715077,1966,766,2025,-15899,9958,502,
2.3840000000000017,1594290312.5715475,-21373,3006,1454,379762,-382861,-1505,
2.3880000000000017,1594290312.5715861,-53460,4248,86,925561,-927528,-560,
2.3920000000000017,1594290312.5716255,-17595,2645,1398,412090,-416419,486,
2.3960000000000017,1594290312.5716643,3040,559,1826,-13693,7211,1643,
2.4000000000000017,1594290312.5717032,2037,748,2031,-14155,8134,470,
2.4040000000000017,1594290312.5717416,-21782,3080,1383,397494,-400558,-1564,
2.4080000000000017,1594290312.571781,-51258,4209,123,931543,-933506,-649,
2.4120000000000017,1594290312.57182,-17413,2684,1342,433149,-437471,518,
2.4160000000000017,1594290312.571869,2985,659,1784,-10104,3703,1613,
2.4200000000000017,1594290312.5719094,1875,842,1998,-14019,8086,427,
2.4240000000000017,1594290312.5719485,-21006,3018,1409,385109,-388145,-1543,
2.4280000000000017,1594290312.5719874,-52411,4189,82,921277,-923170,-601,
2.4320000000000017,1594290312.5720267,-17800,2630,1341,406758,-411110,501,
2.4360000000000017,1594290312.5720754,2982,615,1655,-14955,8512,1728,
2.4400000000000017,1594290312.5721512,2026,753,1920,-18037,12031,643,
2.4440000000000017,1594290312.5722175,-21600,3059,1366,357378,-360394,-1536,
2.4480000000000017,1594290312.5722568,-53715,4212,131,858478,-860437,-615,
2.4520000000000017,1594290312.5722952,-18635,2643,1280,356744,-360995,564,
2.4560000000000017,1594290312.572334,2866,667,1537,-20435,13945,2001,
2.4600000000000017,1594290312.5723891,1979,788,1674,-22430,16481,795,
2.4640000000000017,1594290312.5724282,-21920,3036,1330,305672,-308695,-1475,
2.4680000000000017,1594290312.5724666,-52704,4292,91,787095,-788941,-690,
2.4720000000000018,1594290312.5725055,-18140,2657,1254,304326,-308548,569,
2.4760000000000018,1594290312.5725482,2924,629,1239,-26560,20132,2226,
2.4800000000000018,1594290312.5725863,2040,732,1422,-25583,19612,1083,
2.4840000000000018,1594290312.5726247,-21234,3040,1243,267594,-270555,-1428,
2.4880000000000018,1594290312.5726647,-53311,4278,133,722384,-724234,-748,
2.4920000000000018,1594290312.572703,-18226,2661,1142,258824,-263045,663,
2.4960000000000018,1594290312.5727425,3003,576,976,-31150,24741,2440,
2.5000000000000018,1594290312.5727808,2176,680,1263,-28302,22274,1295,
2.504000000000002,1594290312.5728319,-21486,3093,1166,244812,-247838,-1354,
2.508000000000002,1594290312.5728729,-52893,4240,136,675505,-677352,-704,
2.512000000000002,1594290312.5729113,-17982,2641,1202,231692,-235921,608,
2.516000000000002,1594290312.5729516,2867,603,917,-32806,26402,2455,
2.520000000000002,1594290312.5729945,2059,724,1172,-28901,22938,1308,
2.524000000000002,1594290312.5730324,-20465,2959,1208,229540,-232560,-1349,
2.528000000000002,1594290312.5730708,-53583,4305,107,674838,-676663,-730,
2.532000000000002,1594290312.5731094,-18271,2708,1135,239688,-243873,650,
2.536000000000002,1594290312.5731475,2836,610,1002,-31715,25302,2453,
2.540000000000002,1594290312.5731852,2146,713,1279,-28242,22228,1215,
2.544000000000002,1594290312.5732262,-20706,3054,1220,250565,-253631,-1403,
2.548000000000002,1594290312.5732653,-53003,4211,163,711456,-713243,-760,
2.552000000000002,1594290312.5733135,-18282,2617,1227,267811,-272040,629,
2.556000000000002,1594290312.573355,2785,616,1147,-29110,22706,2289,
2.560000000000002,1594290312.5733926,1940,766,1426,-25269,19253,1091,
2.564000000000002,1594290312.5734327,-20873,3088,1268,285778,-288801,-1459,
2.568000000000002,1594290312.5734713,-52953,4271,117,774189,-776020,-719,
2.572000000000002,1594290312.5735111,-18226,2691,1292,313689,-317946,534,
2.576000000000002,1594290312.573549,3006,632,1430,-23806,17319,2021,
2.580000000000002,1594290312.5735881,2025,780,1678,-22117,16067,822,
2.584000000000002,1594290312.5736277,-21197,2952,1388,319581,-322695,-1487,
2.588000000000002,1594290312.573666,-52761,4205,147,836910,-838828,-644,
2.592000000000002,1594290312.573706,-18284,2656,1333,371845,-376121,509,
2.596000000000002,1594290312.5737445,2844,625,1655,-17188,10734,1819,
2.600000000000002,1594290312.5737946,1947,754,1884,-18008,12065,604,
2.604000000000002,1594290312.5738344,-20890,3034,1418,360289,-363267,-1595,
2.608000000000002,1594290312.5738738,-52246,4245,99,905708,-907571,-673,
2.612000000000002,1594290312.5739133,-18065,2628,1386,417262,-421573,455,
2.616000000000002,1594290312.573953,2974,631,1790,-12079,5600,1658,
2.620000000000002,1594290312.5739915,2157,757,2038,-15518,9432,528,
2.624000000000002,1594290312.5740314,-21027,3004,1464,379542,-382701,-1506,
2.628000000000002,1594290312.5740697,-52925,4205,170,939526,-941478,-700,
2.632000000000002,1594290312.574109,-17944,2631,1486,438128,-442384,431,
2.636000000000002,1594290312.574149,2918,637,1876,-9946,3509,1633,
2.640000000000002,1594290312.5741878,2191,723,2052,-15426,9449,521,
2.644000000000002,1594290312.5742369,-20630,2973,1427,378909,-381893,-1581,
2.648000000000002,1594290312.5742779,-51985,4209,117,934057,-936005,-556,
2.652000000000002,1594290312.5743172,-18068,2672,1341,439270,-443529,517,
2.656000000000002,1594290312.5743554,2781,688,1733,-10449,4021,1691,
2.660000000000002,1594290312.574395,2256,689,1989,-18166,12108,594,
2.664000000000002,1594290312.5744328,-21075,2935,1442,351354,-354458,-1542,
2.668000000000002,1594290312.574472,-53513,4203,104,886785,-888634,-654,
2.672000000000002,1594290312.5745115,-18645,2697,1291,393633,-397818,539,
2.676000000000002,1594290312.5745506,2916,627,1548,-15683,9269,1896,
2.680000000000002,1594290312.5745897,2082,731,1787,-21663,15707,768,
2.684000000000002,1594290312.5746286,-20275,2914,1441,307274,-310387,-1478,
2.688000000000002,1594290312.574668,-51421,4220,181,803189,-805114,-717,
2.692000000000002,1594290312.574717,-18550,2721,1329,327452,-331622,494,
2.696000000000002,1594290312.5747573,2877,603,1346,-24049,17648,2120,
2.700000000000002,1594290312.5748224,2298,601,1582,-25564,19509,1049,
2.704000000000002,1594290312.5748672,-20095,2961,1332,265271,-268394,-1351,
2.708000000000002,1594290312.5749083,-52694,4269,119,733979,-735895,-664,
2.712000000000002,1594290312.574955,-18482,2733,1208,278405,-282577,592,
2.716000000000002,1594290312.5750098,2853,596,1138,-29038,22696,2298,
2.720000000000002,1594290312.5750492,2154,762,1302,-27988,22049,1237,
2.724000000000002,1594290312.5750875,-19750,2943,1332,231086,-234223,-1345,
2.728000000000002,1594290312.5751276,-50552,4213,175,671963,-673847,-746,
2.732000000000002,1594290312.5751667,-18886,2740,1138,248681,-252786,573,
2.736000000000002,1594290312.5752168,2731,577,948,-31609,25278,2436,
2.740000000000002,1594290312.5752568,2254,635,1218,-29512,23472,1383,
2.744000000000002,1594290312.5752966,-19642,2921,1229,224085,-227161,-1336,
2.748000000000002,1594290312.5753353,-51643,4181,176,666431,-668251,-712,
2.752000000000002,1594290312.5753746,-18377,2720,1193,238005,-242100,540,
2.756000000000002,1594290312.5754142,2777,604,924,-31874,25582,2452,
2.760000000000002,1594290312.5754535,2206,678,1233,-29192,23208,1325,
2.764000000000002,1594290312.575493,-20120,2932,1258,228575,-231684,-1414,
2.768000000000002,1594290312.5755315,-52517,4205,139,696839,-698687,-690,
2.772000000000002,1594290312.575572,-19131,2687,1182,267925,-272023,606,
2.776000000000002,1594290312.5756109,2698,620,1098,-29613,23263,2316,
2.780000000000002,1594290312.575661,2225,710,1378,-27387,21344,1199,
2.784000000000002,1594290312.5757005,-20276,2975,1310,260734,-263864,-1381,
2.788000000000002,1594290312.57574,-53491,4294,91,754182,-756051,-747,
2.792000000000002,1594290312.57578,-18624,2682,1209,310422,-314591,548,
2.796000000000002,1594290312.5758195,2767,660,1338,-24539,18198,2061,
2.800000000000002,1594290312.5758584,2331,680,1622,-24214,18234,946,
2.804000000000002,1594290312.5758982,-20171,2958,1402,294055,-297208,-1517,
2.808000000000002,1594290312.5759373,-53383,4260,130,820656,-822508,-744,
2.812000000000002,1594290312.5759773,-19457,2762,1249,373595,-377792,486,
2.816000000000002,1594290312.576016,2848,580,1633,-18605,12163,1842,
2.820000000000002,1594290312.5760562,2243,714,1810,-20843,14791,748,
2.824000000000002,1594290312.5761065,-20021,2930,1474,329642,-332856,-1497,
2.828000000000002,1594290312.576147,-52658,4266,77,887554,-889451,-674,
2.832000000000002,1594290312.5761878,-18953,2752,1352,422492,-426781,508,
2.836000000000002,1594290312.5762281,2842,619,1798,-12737,6287,1657,
2.840000000000002,1594290312.576267,2403,659,2019,-18047,11967,644,
2.844000000000002,1594290312.5763063,-20569,2918,1473,366650,-369771,-1537,
2.848000000000002,1594290312.5763457,-53467,4236,97,936240,-938147,-606,
2.852000000000002,1594290312.5763838,-18977,2698,1364,453589,-457774,476,
2.856000000000002,1594290312.5764244,2877,623,1900,-8476,2016,1597,
2.860000000000002,1594290312.5764623,2273,730,2075,-16162,10108,497,
2.864000000000002,1594290312.5765002,-19863,2919,1513,370276,-373400,-1566,
2.868000000000002,1594290312.576539,-53598,4260,63,938675,-940453,-746,
2.872000000000002,1594290312.5765774,-19186,2723,1382,451269,-455448,416,
2.876000000000002,1594290312.5766296,2842,651,1812,-8844,2470,1623,
2.880000000000002,1594290312.5766702,2350,659,2005,-17397,11310,634,
2.884000000000002,1594290312.57671,-20380,2965,1449,355185,-358354,-1552,
2.888000000000002,1594290312.5767486,-52284,4246,89,905662,-907577,-666,
2.892000000000002,1594290312.5767896,-19276,2756,1349,420087,-424303,452,
2.896000000000002,1594290312.5768287,2771,610,1681,-13886,7520,1799,
2.900000000000002,1594290312.5768666,2289,726,1830,-21164,15138,757,
2.904000000000002,1594290312.5769072,-19227,2921,1460,309625,-312725,-1549,
2.908000000000002,1594290312.5769455,-52791,4232,134,840495,-842285,-741,
2.912000000000002,1594290312.5769863,-19529,2673,1329,368132,-372317,537,
2.916000000000002,1594290312.5770452,2710,640,1470,-20878,14469,2015,
2.920000000000002,1594290312.5771112,2248,676,1579,-25013,18951,1037,
2.924000000000002,1594290312.5771687,-19685,2995,1350,271230,-274389,-1434,
2.928000000000002,1594290312.57721,-52902,4281,97,767886,-769727,-709,
2.932000000000002,1594290312.5772688,-18878,2709,1272,306607,-310720,542,
2.936000000000002,1594290312.577337,2744,659,1172,-26975,20623,2213,
2.940000000000002,1594290312.5773845,2326,605,1390,-28056,22016,1268,
2.944000000000002,1594290312.5774245,-19788,2882,1324,236324,-239480,-1331,
2.948000000000002,1594290312.577463,-52988,4186,232,695694,-697525,-803,
2.952000000000002,1594290312.577504,-19735,2696,1173,269690,-273752,550,
2.956000000000002,1594290312.577542,2702,600,1005,-30386,24041,2402,
2.960000000000002,1594290312.5775926,2447,597,1233,-30062,23975,1404,
2.964000000000002,1594290312.5776324,-19338,2903,1288,212907,-216049,-1347,
2.968000000000002,1594290312.5776742,-52305,4227,191,669337,-671138,-830,
2.972000000000002,1594290312.5777147,-18746,2718,1170,250191,-254291,600,
2.976000000000002,1594290312.5777538,2693,606,975,-31521,25154,2501,
2.980000000000002,1594290312.5777931,2355,632,1212,-30025,23938,1470,
2.984000000000002,1594290312.5778322,-19388,2829,1291,215027,-218199,-1313,
2.988000000000002,1594290312.577882,-52072,4167,188,676802,-678604,-769,
2.992000000000002,1594290312.5779228,-19644,2740,1146,271155,-275198,545,
2.996000000000002,1594290312.5779626,2646,581,1065,-29464,23124,2398,
3.000000000000002,1594290312.5780044,2383,624,1332,-29005,22917,1329,
3.0040000000000022,1594290312.5780437,-19164,2864,1318,233526,-236728,-1342,
3.0080000000000022,1594290312.578096,-51380,4216,213,720772,-722595,-748,
3.0120000000000022,1594290312.5781372,-19531,2701,1258,301801,-305882,512,
3.0160000000000022,1594290312.578178,2698,612,1309,-25713,19359,2154,
3.0200000000000022,1594290312.5782173,2290,666,1507,-26202,20169,1071,
3.0240000000000022,1594290312.5782573,-19673,2919,1380,271529,-274681,-1429,
3.0280000000000022,1594290312.578297,-53631,4256,95,803410,-805191,-754,
3.0320000000000022,1594290312.5783412,-19406,2726,1307,357444,-361605,475,
3.0360000000000023,1594290312.5783825,2646,689,1495,-18995,12645,1907,
3.0400000000000023,1594290312.5784218,2560,639,1754,-22543,16437,912,
3.0440000000000023,1594290312.578463,-19852,2863,1417,312284,-315411,-1494,
3.0480000000000023,1594290312.5785034,-53532,4154,150,868034,-869858,-760,
3.0520000000000023,1594290312.578556,-20371,2760,1263,416612,-420742,459,
3.0560000000000023,1594290312.5785973,2684,714,1670,-13371,7034,1669,
3.0600000000000023,1594290312.578638,2452,709,1926,-18872,12777,660,
3.0640000000000023,1594290312.5786786,-19154,2888,1540,336038,-339279,-1503,
3.0680000000000023,1594290312.5787194,-52869,4246,122,912283,-914117,-744,
3.0720000000000023,1594290312.5787609,-19969,2750,1396,453032,-457159,398,
3.0760000000000023,1594290312.5788014,2765,686,1871,-7575,1206,1601,
3.0800000000000023,1594290312.578842,2487,660,2044,-17171,11108,611,
3.0840000000000023,1594290312.5788822,-19530,2911,1582,361958,-365126,-1561,
3.0880000000000023,1594290312.578923,-52547,4228,71,950610,-952428,-688,
3.0920000000000023,1594290312.5789716,-19907,2716,1326,472990,-477170,443,
3.0960000000000023,1594290312.5790243,2681,663,1890,-5851,-600,1580,
3.1000000000000023,1594290312.5790656,2391,667,2036,-18057,11938,602,
3.1040000000000023,1594290312.579106,-19121,2906,1501,342954,-346150,-1505,
3.1080000000000023,1594290312.5791473,-53306,4250,86,921994,-923870,-692,
3.1120000000000023,1594290312.5791886,-19960,2779,1346,444476,-448654,411,
3.1160000000000023,1594290312.5792298,2726,698,1747,-10322,3913,1706,
3.1200000000000023,1594290312.5792732,2428,652,1877,-21165,15056,715,
3.1240000000000023,1594290312.579315,-18921,2869,1468,309915,-313189,-1508,
3.1280000000000023,1594290312.5793557,-51670,4238,108,853353,-855277,-737,
3.1320000000000023,1594290312.5793962,-20118,2810,1255,399747,-403877,417,
3.1360000000000023,1594290312.5794377,2599,728,1494,-16785,10456,1894,
3.1400000000000023,1594290312.5794773,2449,668,1686,-24693,18565,980,
3.1440000000000023,1594290312.5795312,-19160,2957,1361,275466,-278594,-1468,
3.1480000000000024,1594290312.5795732,-52364,4279,114,785852,-787686,-764,
3.1520000000000024,1594290312.5796492,-20716,2791,1167,341684,-345749,494,
3.1560000000000024,1594290312.5796955,2506,702,1267,-23629,17251,2140,
3.1600000000000024,1594290312.5797365,2445,637,1397,-27827,21714,1243,
3.1640000000000024,1594290312.5797775,-19368,2820,1306,235114,-238324,-1377,
3.1680000000000024,1594290312.5798185,-53451,4231,84,718681,-720476,-763,
3.1720000000000024,1594290312.5798595,-20711,2846,1124,290216,-294219,518,
3.1760000000000024,1594290312.5799005,2637,637,1078,-28633,22306,2344,
3.1800000000000024,1594290312.5799417,2417,617,1225,-29707,23642,1416,
3.1840000000000024,1594290312.5799832,-18762,2878,1301,214555,-217703,-1351,
3.1880000000000024,1594290312.5800345,-53482,4275,139,677427,-679288,-782,
3.1920000000000024,1594290312.5800767,-20726,2798,1114,269204,-273215,571,
3.1960000000000024,1594290312.5801187,2541,684,944,-30333,24061,2448,
3.2000000000000024,1594290312.58016,2434,582,1177,-30923,24800,1531,
3.2040000000000024,1594290312.5802002,-18690,2794,1294,204336,-207501,-1272,
3.2080000000000024,1594290312.5802412,-53502,4299,102,675288,-676974,-837,
3.2120000000000024,1594290312.580282,-21049,2790,1134,274349,-278340,534,
3.2160000000000024,1594290312.5803225,2628,590,1024,-30022,23618,2432,
3.2200000000000024,1594290312.5803633,2593,588,1242,-30013,23887,1437,
3.2240000000000024,1594290312.5804052,-18210,2818,1357,214489,-217693,-1322,
3.2280000000000024,1594290312.5804448,-52448,4255,164,705124,-706810,-865,
3.2320000000000024,1594290312.5804868,-20799,2754,1160,305776,-309759,454,
3.2360000000000024,1594290312.5805385,2565,670,1190,-26381,20080,2199,
3.2400000000000024,1594290312.5805805,2425,634,1421,-27562,21502,1185,
3.2440000000000024,1594290312.580622,-18671,2869,1376,246962,-250165,-1428,
3.2480000000000024,1594290312.5806634,-51573,4217,161,762346,-764107,-776,
3.2520000000000024,1594290312.580704,-20246,2869,1202,349967,-353993,483,
3.2560000000000024,1594290312.580745,2619,706,1405,-20764,14469,1965,
3.2600000000000025,1594290312.5807874,2551,655,1640,-24731,18654,971,
3.2640000000000025,1594290312.580827,-18224,2837,1452,287314,-290607,-1438,
3.2680000000000025,1594290312.5808678,-52513,4256,128,846437,-848321,-777,
3.2720000000000025,1594290312.5809097,-20479,2789,1308,405432,-409583,407,
3.2760000000000025,1594290312.5809493,2592,739,1657,-13246,6910,1741,
3.2800000000000025,1594290312.5809894,2508,656,1854,-21102,14991,793,
3.2840000000000025,1594290312.5810294,-18191,2837,1512,317136,-320394,-1517,
3.2880000000000025,1594290312.5810838,-52596,4232,103,902410,-904242,-806,
3.2920000000000025,1594290312.5811255,-20488,2775,1321,462383,-466489,339,
3.2960000000000025,1594290312.5811663,2620,610,1850,-5429,-934,1552,
3.3000000000000025,1594290312.5812087,2597,621,2022,-18068,11932,651,
3.3040000000000025,1594290312.5812485,-18909,2902,1595,339017,-342319,-1540,
3.3080000000000025,1594290312.5812907,-51923,4255,141,931612,-933469,-763,
3.3120000000000025,1594290312.5813408,-20694,2808,1281,487764,-491912,399,
3.3160000000000025,1594290312.5813797,2611,758,1840,-2530,-3834,1558,
3.3200000000000025,1594290312.5814204,2613,676,2021,-18791,12707,657,
3.3240000000000025,1594290312.5814588,-18235,2845,1574,336251,-339533,-1538,
3.3280000000000025,1594290312.5815096,-51807,4232,129,927550,-929366,-807,
3.3320000000000025,1594290312.5815501,-20609,2834,1239,480319,-484412,424,
3.3360000000000025,1594290312.581591,2485,741,1778,-4557,-1797,1648,
3.3400000000000025,1594290312.5816293,2636,699,1946,-20488,14409,650,
3.3440000000000025,1594290312.5816705,-18391,2886,1538,316312,-319559,-1534,
3.3480000000000025,1594290312.581709,-51447,4232,146,876689,-878512,-791,
3.3520000000000025,1594290312.5817492,-20632,2828,1270,433876,-437928,410,
3.3560000000000025,1594290312.5817902,2578,731,1614,-12705,6314,1792,
3.3600000000000025,1594290312.5818298,2599,584,1759,-24226,18067,967,
3.3640000000000025,1594290312.581868,-17328,2770,1571,264355,-267697,-1446,
3.3680000000000025,1594290312.5819085,-50945,4191,227,792070,-793977,-802,
3.3720000000000026,1594290312.5819585,-20515,2792,1253,365346,-369382,441,
3.3760000000000026,1594290312.5820005,2469,649,1386,-19851,13487,2093,
3.3800000000000026,1594290312.5820405,2589,579,1484,-27503,21424,1161,
3.3840000000000026,1594290312.5820801,-18019,2775,1439,229166,-232409,-1420,
3.3880000000000026,1594290312.5821207,-52557,4212,171,733311,-735042,-874,
3.3920000000000026,1594290312.5821612,-21362,2807,1149,316238,-320135,512,
3.3960000000000026,1594290312.5821998,2497,653,1171,-26216,19919,2276,
3.4000000000000026,1594290312.5822403,2661,573,1309,-30097,23939,1450,
3.4040000000000026,1594290312.5822806,-17723,2803,1351,203847,-207193,-1253,
3.4080000000000026,1594290312.5823195,-53330,4271,122,684750,-686497,-862,
3.4120000000000026,1594290312.5823596,-21802,2850,1091,284991,-288894,434,
3.4160000000000026,1594290312.5824096,2281,650,1031,-28984,22739,2377,
3.4200000000000026,1594290312.582452,2586,593,1146,-31152,25048,1560,
3.4240000000000026,1594290312.582492,-18097,2816,1326,194178,-197402,-1326,
3.4280000000000026,1594290312.582532,-54379,4327,58,677421,-679067,-952,
3.4320000000000026,1594290312.5825732,-22116,2780,1099,272911,-276865,484,
3.4360000000000026,1594290312.5826123,2473,607,1038,-29520,23232,2400,
3.4400000000000026,1594290312.5826526,2695,539,1170,-30775,24673,1502,
3.4440000000000026,1594290312.582692,-17798,2741,1358,204212,-207405,-1361,
3.4480000000000026,1594290312.582733,-52017,4218,189,688904,-690597,-955,
3.4520000000000026,1594290312.5827727,-21042,2795,1123,296642,-300555,453,
3.4560000000000026,1594290312.5828128,2367,667,1118,-26569,20348,2198,
3.4600000000000026,1594290312.5828524,2589,562,1322,-29085,23004,1371,
3.4640000000000026,1594290312.5829031,-17862,2772,1381,221688,-224970,-1302,
3.4680000000000026,1594290312.582952,-53167,4211,124,740944,-742646,-851,
3.4720000000000026,1594290312.5830078,-22121,2854,1097,353272,-357218,481,
3.4760000000000026,1594290312.5830657,2373,716,1339,-19956,13685,1982,
3.4800000000000026,1594290312.5831058,2557,617,1587,-26156,20066,1101,
3.4840000000000027,1594290312.5831463,-17821,2782,1484,260018,-263309,-1395,
3.4880000000000027,1594290312.583186,-53450,4240,172,819001,-820825,-815,
3.4920000000000027,1594290312.5832267,-21508,2848,1299,404897,-408878,370,
3.4960000000000027,1594290312.583266,2416,700,1647,-13208,6897,1803,
3.5000000000000027,1594290312.5833063,2768,567,1830,-23494,17329,932,
3.5040000000000027,1594290312.5833457,-17609,2747,1597,294982,-298302,-1432,
3.5080000000000027,1594290312.5833962,-53864,4254,125,888653,-890427,-770,
3.5120000000000027,1594290312.5834382,-22015,2862,1233,468334,-472338,378,
3.5160000000000027,1594290312.583478,2368,751,1776,-4019,-2265,1647,
3.5200000000000027,1594290312.5835183,2713,620,1938,-20068,13854,789,
3.5240000000000027,1594290312.5835614,-17425,2804,1563,323388,-326738,-1473,
3.5280000000000027,1594290312.5836003,-52240,4262,124,921884,-923714,-767,
3.5320000000000027,1594290312.5836399,-21695,2905,1255,490321,-494358,386,
3.5360000000000027,1594290312.5836797,2515,760,1838,-44,-6257,1527,
3.5400000000000027,1594290312.583719,2748,628,2010,-18785,12634,681,
3.5440000000000027,1594290312.583759,-17789,2785,1600,324725,-328108,-1444,
3.5480000000000027,1594290312.5838006,-53394,4276,149,930541,-932369,-782,
3.5520000000000027,1594290312.5838497,-22082,2888,1238,493848,-497893,395,
3.5560000000000027,1594290312.583891,2496,686,1797,-482,-5862,1587,
3.5600000000000027,1594290312.583931,2712,581,1964,-21134,14982,736,
3.5640000000000027,1594290312.5839713,-17349,2752,1613,306574,-309942,-1542,
3.5680000000000027,1594290312.5840123,-53208,4242,130,899541,-901294,-842,
3.5720000000000027,1594290312.5840518,-22381,2865,1253,471318,-475309,406,
3.5760000000000027,1594290312.5840929,2236,738,1713,-4732,-1566,1666,
3.5800000000000027,1594290312.5841315,2739,579,1835,-23693,17559,882,
3.5840000000000027,1594290312.584171,-17603,2830,1486,277470,-280781,-1450,
3.5880000000000027,1594290312.584211,-51565,4212,171,829900,-831786,-817,
3.5920000000000027,1594290312.584252,-22119,2841,1219,413622,-417602,378,
3.5960000000000027,1594290312.5843036,2311,715,1498,-13864,7546,1942,
3.6000000000000028,1594290312.584387,2740,569,1618,-26899,20724,1187,
3.6040000000000028,1594290312.5844297,-17495,2703,1490,232363,-235673,-1360,
3.6080000000000028,1594290312.5844731,-52497,4174,225,752271,-754051,-855,
3.6120000000000028,1594290312.5845146,-21829,2840,1191,346154,-350081,425,
3.6160000000000028,1594290312.5845563,2250,705,1239,-22473,16179,2139,
3.6200000000000028,1594290312.5845954,2683,565,1333,-29574,23384,1396,
3.6240000000000028,1594290312.5846355,-16870,2695,1433,199722,-203083,-1284,
3.628000000000003,1594290312.5846767,-52696,4279,143,701270,-702958,-925,
3.632000000000003,1594290312.5847163,-22289,2860,1120,306244,-310111,466,
3.636000000000003,1594290312.584757,2269,680,1030,-27075,20845,2357,
3.640000000000003,1594290312.584797,2815,538,1181,-31378,25192,1565,
3.644000000000003,1594290312.5848484,-17517,2718,1355,185816,-189126,-1289,
3.648000000000003,1594290312.5848901,-52974,4263,205,661075,-662811,-983,
3.652000000000003,1594290312.5849304,-22439,2880,1074,289413,-293253,421,
3.656000000000003,1594290312.5849707,2197,637,1054,-28106,21849,2397,
3.660000000000003,1594290312.5850105,2752,476,1177,-31766,25605,1653,
3.664000000000003,1594290312.58505,-16874,2687,1407,188141,-191386,-1256,
3.668000000000003,1594290312.5850906,-52212,4248,154,677596,-679228,-876,
3.672000000000003,1594290312.5851326,-22593,2888,1152,298681,-302582,421,
3.676000000000003,1594290312.5851715,2158,708,1095,-26702,20470,2257,
3.680000000000003,1594290312.5852137,2770,548,1290,-30441,24231,1530,
3.684000000000003,1594290312.5852535,-16743,2731,1388,202123,-205492,-1269,
3.688000000000003,1594290312.585293,-52996,4226,159,720418,-722108,-877,
3.692000000000003,1594290312.585346,-22365,2889,1079,344989,-348908,463,
3.696000000000003,1594290312.5853868,2280,718,1308,-21798,15533,2070,
3.700000000000003,1594290312.5854256,2780,599,1465,-28068,21899,1256,
3.704000000000003,1594290312.5854652,-17054,2728,1508,235399,-238774,-1378,
3.708000000000003,1594290312.5855083,-52461,4201,173,783059,-784873,-836,
3.712000000000003,1594290312.5855496,-22283,2853,1226,393183,-397131,365,
3.716000000000003,1594290312.5855894,2282,670,1594,-14583,8295,1814,
3.720000000000003,1594290312.5856302,2796,557,1741,-25032,18814,1067,
3.724000000000003,1594290312.5856707,-17150,2743,1552,272291,-275696,-1393,
3.728000000000003,1594290312.5857108,-51514,4220,179,854247,-856083,-835,
3.732000000000003,1594290312.5857627,-21906,2865,1280,456401,-460380,316,
3.736000000000003,1594290312.5858028,2312,725,1814,-5110,-1215,1611,
3.740000000000003,1594290312.5858433,2777,613,1921,-21402,15255,823,
3.744000000000003,1594290312.5858839,-16653,2745,1668,295438,-298817,-1493,
3.748000000000003,1594290312.5859237,-52526,4231,117,909883,-911678,-821,
3.752000000000003,1594290312.5859642,-22762,2864,1247,507790,-511741,333,
3.756000000000003,1594290312.586004,2295,733,1889,1042,-7316,1481,
3.760000000000003,1594290312.5860448,2818,614,1998,-19936,13825,715,
3.764000000000003,1594290312.5860848,-17225,2697,1597,315889,-319259,-1510,
3.768000000000003,1594290312.5861259,-51882,4157,155,927070,-928881,-828,
3.772000000000003,1594290312.5861669,-22820,2862,1269,514664,-518549,313,
3.776000000000003,1594290312.5862072,2222,733,1940,4968,-11304,1554,
3.780000000000003,1594290312.5862575,2793,580,2010,-20383,14183,782,
3.784000000000003,1594290312.5862992,-16660,2702,1654,302092,-305538,-1472,
3.788000000000003,1594290312.5863388,-53100,4263,117,909965,-911791,-861,
3.792000000000003,1594290312.5863795,-22984,2955,1170,497734,-501677,341,
3.796000000000003,1594290312.5864193,2193,736,1776,-894,-5400,1661,
3.800000000000003,1594290312.5864604,2787,626,1862,-23073,16872,862,
3.804000000000003,1594290312.586501,-17258,2774,1576,274281,-277695,-1452,
3.808000000000003,1594290312.5865412,-51368,4160,174,847722,-849558,-817,
3.812000000000003,1594290312.5865817,-22076,2895,1271,435252,-439149,332,
3.816000000000003,1594290312.5866225,2206,795,1587,-9919,3630,1787,
3.820000000000003,1594290312.5866609,2720,619,1663,-26237,20040,1082,
3.824000000000003,1594290312.5867121,-16663,2739,1560,237977,-241400,-1426,
3.828000000000003,1594290312.5867531,-50792,4258,158,774097,-775948,-822,
3.832000000000003,1594290312.5867944,-22413,2950,1078,382483,-386443,441,
3.836000000000003,1594290312.586834,2174,731,1289,-18886,12602,2053,
3.840000000000003,1594290312.5868745,2717,581,1351,-28939,22785,1387,
3.844000000000003,1594290312.5869153,-16597,2745,1420,198739,-202175,-1281,
3.848000000000003,1594290312.586968,-52062,4261,134,712688,-714412,-873,
3.852000000000003,1594290312.5870183,-23175,2871,1109,326787,-330705,480,
3.856000000000003,1594290312.5870583,2178,747,1119,-25007,18785,2235,
3.860000000000003,1594290312.5870988,2818,552,1183,-31220,25056,1536,
3.864000000000003,1594290312.587139,-16564,2692,1360,180457,-183861,-1249,
3.868000000000003,1594290312.5871916,-51893,4274,188,670313,-672002,-948,
3.872000000000003,1594290312.587233,-22764,2914,1120,300083,-303942,409,
3.876000000000003,1594290312.5872746,2024,739,1021,-27710,21531,2312,
3.880000000000003,1594290312.5873134,2817,555,1121,-32119,25942,1593,
3.884000000000003,1594290312.5873542,-16271,2628,1388,175015,-178418,-1213,
3.888000000000003,1594290312.5873947,-52888,4220,194,661431,-663165,-946,
3.892000000000003,1594290312.5874348,-23741,2891,1100,304358,-308212,449,
3.896000000000003,1594290312.587475,1994,660,1060,-26754,20547,2317,
3.900000000000003,1594290312.587514,2846,537,1187,-31419,25220,1602,
3.904000000000003,1594290312.5875537,-16061,2668,1447,181093,-184570,-1181,
3.908000000000003,1594290312.5875957,-51584,4223,198,688994,-690693,-936,
3.912000000000003,1594290312.587635,-22953,2989,1054,335484,-339312,396,
3.916000000000003,1594290312.5876865,1984,733,1223,-21832,15641,2105,
3.920000000000003,1594290312.5877283,2914,489,1384,-29358,23150,1408,
3.924000000000003,1594290312.587767,-16197,2731,1467,207857,-211269,-1340,
3.928000000000003,1594290312.5878081,-52020,4304,132,756742,-758440,-866,
3.932000000000003,1594290312.5878475,-23233,2936,1148,386995,-390832,356,
3.936000000000003,1594290312.587889,2150,775,1506,-16251,9977,1923,
3.940000000000003,1594290312.5879273,2778,583,1598,-26422,20231,1161,
3.944000000000003,1594290312.5879683,-16954,2699,1526,248943,-252386,-1377,
3.948000000000003,1594290312.5880075,-51499,4249,98,826045,-827808,-851,
3.952000000000003,1594290312.588048,-22911,2944,1163,453062,-456975,338,
3.956000000000003,1594290312.5880892,2015,833,1673,-4203,-2097,1660,
3.960000000000003,1594290312.5881283,2870,584,1833,-23452,17214,910,
3.964000000000003,1594290312.5881782,-15732,2680,1629,271604,-275167,-1382,
3.968000000000003,1594290312.588221,-51896,4236,127,889125,-890934,-788,
3.972000000000003,1594290312.5882604,-24403,2957,1156,510395,-514295,339,
3.976000000000003,1594290312.588301,2125,782,1876,3044,-9331,1535,
3.980000000000003,1594290312.5883403,3005,529,1974,-21179,14905,785,
3.984000000000003,1594290312.5883806,-16429,2648,1694,292400,-296001,-1466,
3.988000000000003,1594290312.5884209,-52273,4271,94,926503,-928328,-812,
3.992000000000003,1594290312.5884626,-23807,2936,1184,524382,-528331,373,
3.996000000000003,1594290312.588502,2123,825,1864,5326,-11651,1554,
4.000000000000003,1594290312.588542,2919,564,1920,-21004,14804,826,
4.004000000000002,1594290312.5885818,-16118,2671,1624,295058,-298491,-1477,
4.008000000000002,1594290312.5886335,-52799,4236,114,915688,-917487,-895,
4.012000000000001,1594290312.5886757,-23762,2956,1168,513309,-517230,334,
4.016000000000001,1594290312.5887153,2090,828,1800,2414,-8711,1594,
4.0200000000000005,1594290312.5887551,2834,621,1825,-22569,16354,890,
4.024,1594290312.5887952,-16311,2706,1594,272861,-276361,-1415,
4.028,1594290312.5888338,-51029,4232,145,869809,-871606,-871,
4.031999999999999,1594290312.5888736,-23816,2979,1161,473469,-477341,303,
4.035999999999999,1594290312.5889134,2103,780,1639,-4803,-1442,1703,
4.039999999999998,1594290312.5889583,2953,550,1668,-25573,19342,1090,
4.043999999999998,1594290312.589001,-16023,2691,1509,238390,-241791,-1411,
4.047999999999997,1594290312.58904,-51830,4282,132,805861,-807624,-907,
4.051999999999997,1594290312.5890903,-22948,2982,1113,413942,-417802,325,
4.0559999999999965,1594290312.5891635,2059,793,1423,-13950,7676,1979,
4.059999999999996,1594290312.5892031,3059,531,1447,-28821,22599,1360,
4.063999999999996,1594290312.5892453,-15342,2696,1482,197660,-201152,-1313,
4.067999999999995,1594290312.5892866,-51234,4367,61,729238,-731005,-883,
4.071999999999995,1594290312.5893278,-23780,3074,979,359084,-362885,472,
4.075999999999994,1594290312.5893698,1871,785,1154,-20951,14755,2169,
4.079999999999994,1594290312.5894098,2967,501,1224,-31061,24858,1592,
4.083999999999993,1594290312.5894501,-15972,2659,1384,179183,-182557,-1290,
4.087999999999993,1594290312.5894914,-51935,4288,138,675631,-677294,-985,
4.0919999999999925,1594290312.5895326,-23281,2998,1007,314169,-317925,383,
4.095999999999992,1594290312.5895731,1991,764,1032,-26102,19915,2323,
4.099999999999992,1594290312.5896237,2887,527,1085,-32507,26267,1728,
4.103999999999991,1594290312.5896637,-15922,2683,1349,165739,-169179,-1205,
4.107999999999991,1594290312.5897033,-52389,4317,139,655631,-657323,-1008,
4.11199999999999,1594290312.5897489,-23785,3008,1010,310732,-314529,418,
4.11599999999999,1594290312.589788,1868,789,1067,-25215,18967,2280,
4.1199999999999894,1594290312.5898275,2852,521,1144,-32337,26096,1654,
4.123999999999989,1594290312.5898674,-15435,2620,1427,168627,-172108,-1268,
4.127999999999989,1594290312.5899107,-51206,4282,182,670177,-671956,-962,
4.131999999999988,1594290312.5899527,-24461,3044,1022,336545,-340285,368,
4.135999999999988,1594290312.5899942,1779,765,1160,-22686,16519,2189,
4.139999999999987,1594290312.5900345,2867,550,1261,-30438,24311,1500,
4.143999999999987,1594290312.5900843,-15725,2660,1473,195798,-199263,-1320,
4.147999999999986,1594290312.5901265,-52330,4332,123,733656,-735400,-942,
4.151999999999986,1594290312.5901678,-24138,3050,1072,384292,-388096,348,
4.1559999999999855,1594290312.5902078,1930,792,1440,-16586,10384,1902,
4.159999999999985,1594290312.5902498,2882,598,1536,-27848,21661,1230,
4.163999999999985,1594290312.590289,-15709,2720,1551,223773,-227277,-1354,
4.167999999999984,1594290312.5903308,-51546,4301,180,807950,-809722,-904,
4.171999999999984,1594290312.5903723,-23904,2989,1132,448024,-451821,291,
4.175999999999983,1594290312.5904129,1922,851,1596,-6075,-234,1737,
4.179999999999983,1594290312.5904522,2845,628,1678,-24551,18339,1059,
4.183999999999982,1594290312.5904932,-15704,2685,1528,255696,-259186,-1353,
4.187999999999982,1594290312.5905447,-52321,4332,81,871235,-873109,-817,
4.1919999999999815,1594290312.5905862,-24344,2971,1211,499205,-503172,361,
4.195999999999981,1594290312.5906272,1984,850,1804,3228,-9474,1569,
4.199999999999981,1594290312.590667,2945,588,1885,-22057,15803,910,
4.20399999999998,1594290312.590708,-15638,2703,1629,283862,-287387,-1420,
4.20799999999998,1594290312.590749,-51568,4266,114,914847,-916708,-791,
4.211999999999979,1594290312.5907886,-24751,3066,1144,545614,-549448,288,
4.215999999999979,1594290312.590829,1969,847,1847,10610,-16846,1509,
4.219999999999978,1594290312.59087,3016,588,1994,-21802,15488,852,
4.223999999999978,1594290312.5909104,-15741,2629,1709,285753,-289281,-1482,
4.2279999999999776,1594290312.5909514,-50724,4207,108,916905,-918617,-892,
4.231999999999977,1594290312.5909984,-24161,2950,1137,544040,-547844,290,
4.235999999999977,1594290312.59105,1953,859,1811,10395,-16611,1519,
4.239999999999976,1594290312.5910919,2963,561,1905,-22550,16316,887,
4.243999999999976,1594290312.591132,-15647,2615,1643,269887,-273338,-1449,
4.247999999999975,1594290312.5911725,-51312,4241,90,882601,-884334,-887,
4.251999999999975,1594290312.5912142,-24207,2960,1119,503062,-506858,327,
4.2559999999999745,1594290312.5912545,1922,741,1704,2429,-8632,1681,
4.259999999999974,1594290312.5912948,3069,510,1766,-25237,19055,1094,
4.263999999999974,1594290312.591336,-14878,2660,1643,237160,-240651,-1408,
4.267999999999973,1594290312.5913765,-49567,4281,173,814748,-816526,-1000,
4.271999999999973,1594290312.591417,-23429,3025,1121,446776,-450539,348,
4.275999999999972,1594290312.5914586,1830,842,1467,-7830,1691,1851,
4.279999999999972,1594290312.5915086,3047,513,1498,-28160,21929,1321,
4.283999999999971,1594290312.5915494,-15054,2590,1559,204559,-208090,-1312,
4.287999999999971,1594290312.5915916,-50200,4259,220,743905,-745626,-1002,
4.2919999999999705,1594290312.5916338,-24542,3046,1044,392533,-396249,355,
4.29599999999997,1594290312.5916739,1724,831,1258,-16715,10551,2077,
4.29999999999997,1594290312.5917134,3076,498,1289,-30858,24623,1569,
4.303999999999969,1594290312.5917554,-14969,2550,1478,171021,-174505,-1199,
4.307999999999969,1594290312.591795,-50704,4254,219,682044,-683773,-994,
4.311999999999968,1594290312.591836,-24197,3022,1002,344595,-348308,411,
4.315999999999968,1594290312.5918782,1895,760,1087,-23198,16998,2290,
4.319999999999967,1594290312.5919178,2981,500,1109,-32488,26289,1719,
4.323999999999967,1594290312.5919697,-14969,2602,1383,159255,-162710,-1136,
4.3279999999999665,1594290312.5920117,-50783,4238,219,650755,-652457,-994,
4.331999999999966,1594290312.5920534,-24588,2997,1060,319395,-323081,357,
4.335999999999966,1594290312.5920944,1849,755,1042,-24429,18241,2333,
4.339999999999965,1594290312.5921357,3076,496,1069,-32984,26706,1781,
4.343999999999965,1594290312.5921745,-15051,2598,1362,162470,-166000,-1157,
4.347999999999964,1594290312.5922155,-53169,4295,123,671700,-673315,-1007,
4.351999999999964,1594290312.592257,-25023,3089,950,335410,-339124,402,
4.3559999999999635,1594290312.5922985,1777,767,1104,-22114,15962,2240,
4.359999999999963,1594290312.5923386,3033,458,1230,-31823,25537,1672,
4.363999999999963,1594290312.5923808,-15137,2590,1453,177399,-180912,-1187,
4.367999999999962,1594290312.59242,-50936,4337,124,706803,-708529,-934,
4.371999999999962,1594290312.5924723,-24600,3022,1050,372596,-376347,338,
4.375999999999961,1594290312.5925145,1689,804,1308,-16676,10512,1981,
4.379999999999961,1594290312.5925548,3095,527,1421,-29293,23074,1408,
4.38399999999996,1594290312.5925946,-14468,2554,1600,198464,-202105,-1299,
4.38799999999996,1594290312.592636,-50049,4244,237,766123,-767875,-1032,
4.3919999999999595,1594290312.5926769,-24634,3088,1101,438564,-442291,259,
4.395999999999959,1594290312.5927176,1679,842,1584,-6003,-237,1783,
4.399999999999959,1594290312.5927594,3058,504,1671,-26205,19885,1195,
4.403999999999958,1594290312.5927997,-14883,2520,1675,229074,-232653,-1340,
4.407999999999958,1594290312.5928419,-51441,4136,258,835601,-837371,-934,
4.411999999999957,1594290312.592884,-25318,2939,1191,489725,-493524,237,
4.415999999999957,1594290312.592936,1698,830,1795,1527,-7703,1511,
4.419999999999956,1594290312.5929768,3000,565,1878,-23740,17465,987,
4.423999999999956,1594290312.593018,-14756,2582,1751,258965,-262602,-1407,
4.4279999999999555,1594290312.5930586,-52146,4300,123,895493,-897256,-959,
4.431999999999955,1594290312.5930994,-25060,3001,1138,547264,-551040,252,
4.435999999999955,1594290312.5931401,1885,862,1872,12544,-18858,1538,
4.439999999999954,1594290312.5931814,3064,540,1959,-22205,15939,875,
4.443999999999954,1594290312.5932224,-14962,2575,1776,271473,-275041,-1438,
4.447999999999953,1594290312.5932636,-50938,4170,205,907327,-909195,-826,
4.451999999999953,1594290312.5933034,-24971,3005,1129,554201,-558032,309,
4.455999999999952,1594290312.593344,1717,856,1897,14073,-20278,1458,
4.459999999999952,1594290312.5933957,3083,553,1995,-22381,16122,873,
4.463999999999952,1594290312.593437,-15103,2568,1733,267726,-271345,-1383,
4.467999999999951,1594290312.5934775,-51915,4275,87,894862,-896636,-833,
4.471999999999951,1594290312.5935187,-25719,3061,1085,534162,-537833,315,
4.47599999999995,1594290312.5935602,1796,817,1831,7504,-13704,1560,
4.47999999999995,1594290312.5936005,3098,485,1862,-24634,18366,1028,
4.483999999999949,1594290312.593641,-14921,2597,1624,241816,-245334,-1376,
4.487999999999949,1594290312.5936825,-51948,4208,161,844662,-846433,-870,
4.4919999999999485,1594290312.5937335,-25514,2959,1141,477051,-480837,312,
4.495999999999948,1594290312.5938027,1674,805,1581,-4428,-1761,1764,
4.499999999999948,1594290312.5938542,3092,479,1607,-27709,21442,1278,
4.503999999999947,1594290312.5939226,-14531,2514,1624,197090,-200762,-1294,
4.507999999999947,1594290312.5940304,-50462,4170,271,753073,-754866,-963,
4.511999999999946,1594290312.5940726,-25509,3025,1046,415171,-418914,299,
4.515999999999946,1594290312.5941133,1555,819,1357,-13065,6869,2004,
4.519999999999945,1594290312.5941548,3011,480,1340,-30300,24038,1551,
4.523999999999945,1594290312.5941947,-14569,2536,1503,172197,-175763,-1243,
4.5279999999999445,1594290312.594235,-51221,4239,212,702044,-703799,-980,
4.531999999999944,1594290312.594276,-25595,3060,1029,379697,-383441,362,
4.535999999999944,1594290312.594326,1666,790,1178,-19820,13638,2136,
4.539999999999943,1594290312.594366,3165,460,1194,-32587,26283,1716,
4.543999999999943,1594290312.5944064,-14073,2514,1493,152681,-156249,-1183,
4.547999999999942,1594290312.594457,-50459,4223,237,653954,-655616,-1081,
4.551999999999942,1594290312.5944982,-25533,3067,1025,337836,-341506,316,
4.555999999999941,1594290312.594538,1545,828,1091,-22783,16733,2174,
4.559999999999941,1594290312.5945778,3051,493,1054,-33103,26826,1768,
4.5639999999999405,1594290312.594621,-14194,2505,1399,150465,-154047,-1115,
4.56799999999994,1594290312.5946612,-50116,4215,209,647629,-649340,-1004,
4.57199999999994,1594290312.5947015,-25581,3033,998,341445,-345108,336,
4.575999999999939,1594290312.5947435,1649,791,1108,-21578,15394,2234,
4.579999999999939,1594290312.5947835,3122,509,1159,-32559,26208,1731,
4.583999999999938,1594290312.5948246,-14473,2581,1442,158388,-161988,-1171,
4.587999999999938,1594290312.5948675,-51362,4278,151,684006,-685601,-1126,
4.5919999999999375,1594290312.5949075,-26190,2981,1061,374560,-378240,284,
4.595999999999937,1594290312.5949483,1615,805,1284,-17778,11577,2022,
4.599999999999937,1594290312.5950058,3153,437,1335,-30625,24338,1571,
4.603999999999936,1594290312.595047,-14055,2520,1558,177859,-181488,-1201,
4.607999999999936,1594290312.5950887,-50721,4237,142,748629,-750359,-979,
4.611999999999935,1594290312.5951312,-25919,3042,1035,434333,-437998,379,
4.615999999999935,1594290312.5951717,1553,838,1486,-7113,1011,1837,
4.619999999999934,1594290312.5952127,3252,454,1586,-28020,21723,1363,
4.623999999999934,1594290312.5952544,-14282,2546,1595,213715,-217326,-1259,
4.6279999999999335,1594290312.5952954,-49506,4254,199,812241,-814004,-922,
4.631999999999933,1594290312.595337,-25158,3040,1146,490234,-493964,298,
4.635999999999933,1594290312.5953794,1671,828,1717,3064,-9218,1651,
4.639999999999932,1594290312.5954304,3168,546,1772,-24825,18544,1072,
4.643999999999932,1594290312.5954726,-14232,2533,1706,239248,-243007,-1259,
4.647999999999931,1594290312.5955153,-51693,4234,151,879660,-881523,-816,
4.651999999999931,1594290312.5955548,-26083,3094,1063,548604,-552341,278,
4.65599999999993,1594290312.595597,1668,891,1846,11747,-17971,1487,
4.65999999999993,1594290312.5956385,3185,518,1916,-22951,16644,956,
4.6639999999999295,1594290312.595679,-14435,2585,1683,261325,-264959,-1386,
4.667999999999929,1594290312.5957203,-50736,4280,119,907948,-909737,-856,
4.671999999999929,1594290312.5957608,-25771,3107,1089,570151,-573875,238,
4.675999999999928,1594290312.5958023,1533,868,1871,17838,-23990,1422,
4.679999999999928,1594290312.5958428,3091,563,1895,-22386,16101,924,
4.683999999999927,1594290312.5958834,-13897,2538,1768,259276,-262961,-1361,
4.687999999999927,1594290312.595933,-51474,4282,165,912112,-913919,-939,
4.6919999999999265,1594290312.5959742,-25943,3075,1107,563335,-567117,296,
4.695999999999926,1594290312.5960143,1606,893,1813,14801,-20955,1496,
4.699999999999926,1594290312.5960548,3204,455,1872,-24083,17812,1039,
4.703999999999925,1594290312.5960946,-14393,2527,1755,238993,-242694,-1344,
4.707999999999925,1594290312.5961335,-51043,4249,196,858280,-860117,-861,
4.711999999999924,1594290312.5961735,-25442,3033,1069,520258,-523984,341,
4.715999999999924,1594290312.5962138,1480,901,1646,7344,-13537,1680,
4.719999999999923,1594290312.5962536,3155,506,1683,-27135,20776,1264,
4.723999999999923,1594290312.5962932,-13806,2499,1684,201655,-205383,-1265,
4.7279999999999225,1594290312.5963335,-51056,4268,220,791209,-792934,-1040,
4.731999999999922,1594290312.5963726,-26307,3105,1032,456581,-460255,286,
4.735999999999922,1594290312.5964267,1472,877,1470,-6694,519,1848,
4.739999999999921,1594290312.5964665,3233,410,1466,-30167,23822,1510,
4.743999999999921,1594290312.5965059,-13971,2467,1617,171612,-175258,-1215,
4.74799999999992,1594290312.5965462,-50277,4205,244,711735,-713395,-1031,
4.75199999999992,1594290312.596587,-26059,3115,991,396323,-399936,337,
4.755999999999919,1594290312.5966258,1503,812,1228,-16478,10280,2151,
4.759999999999919,1594290312.5966647,3218,407,1233,-32254,25992,1725,
4.7639999999999185,1594290312.5967033,-13462,2473,1524,145756,-149376,-1162,
4.767999999999918,1594290312.5967426,-51428,4343,105,671201,-672902,-989,
4.771999999999918,1594290312.5967855,-27169,3122,978,355620,-359239,342,
4.775999999999917,1594290312.5968263,1380,875,1103,-21032,14944,2191,
4.779999999999917,1594290312.5968764,3139,486,1069,-33415,27120,1856,
4.783999999999916,1594290312.5969188,-13654,2514,1454,141784,-145445,-1081,
4.787999999999916,1594290312.596959,-50920,4288,157,648620,-650394,-966,
4.791999999999915,1594290312.5969994,-26658,3168,945,354987,-358563,286,
4.795999999999915,1594290312.5970385,1288,797,1123,-19645,13551,2197,
4.799999999999915,1594290312.597078,3238,443,1142,-33124,26814,1824,
4.803999999999914,1594290312.597118,-13882,2462,1543,147519,-151188,-1150,
4.807999999999914,1594290312.5971582,-51244,4242,207,670366,-671967,-1146,
4.811999999999913,1594290312.5971994,-27326,3064,976,370020,-373622,268,
4.815999999999913,1594290312.5972385,1420,907,1198,-17842,11767,2005,
4.819999999999912,1594290312.5972779,3164,496,1277,-31731,25369,1664,
4.823999999999912,1594290312.597318,-13791,2484,1582,161627,-165310,-1193,
4.8279999999999115,1594290312.5973682,-49511,4128,279,710613,-712292,-1110,
4.831999999999911,1594290312.5974095,-25879,2999,1081,414324,-417868,217,
4.835999999999911,1594290312.5974495,1349,923,1402,-9686,3586,1841,
4.83999999999991,1594290312.5974894,3214,480,1460,-29123,22856,1401,
4.84399999999991,1594290312.59753,-13810,2498,1671,196266,-199941,-1293,
4.847999999999909,1594290312.5975692,-50853,4216,248,786641,-788442,-979,
4.851999999999909,1594290312.59761,-26084,3093,1105,473758,-477410,266,
4.855999999999908,1594290312.59765,1291,889,1690,1654,-7812,1620,
4.859999999999908,1594290312.597691,3247,476,1743,-26134,19784,1207,
4.8639999999999075,1594290312.59773,-13910,2574,1661,226434,-230078,-1348,
4.867999999999907,1594290312.59777,-51423,4208,182,858450,-860101,-1004,
4.871999999999907,1594290312.597822,-27233,3124,1071,545200,-548878,272,
4.875999999999906,1594290312.5978634,1508,900,1849,12018,-18191,1503,
4.879999999999906,1594290312.5979037,3262,537,1879,-24374,18059,1003,
4.883999999999905,1594290312.5979426,-13750,2513,1766,245305,-248997,-1340,
4.887999999999905,1594290312.5979831,-51093,4231,247,905336,-907046,-981,
4.891999999999904,1594290312.5980237,-26415,3168,1076,588954,-592628,296,
4.895999999999904,1594290312.598065,1430,903,1901,22945,-29115,1420,
4.8999999999999035,1594290312.5981035,3225,553,1921,-22684,16340,957,
4.903999999999903,1594290312.5981445,-13874,2534,1751,256604,-260247,-1440,
4.907999999999903,1594290312.5981843,-51139,4265,129,911246,-912960,-941,
4.911999999999902,1594290312.5982256,-26670,3152,1066,584073,-587793,270,
4.915999999999902,1594290312.598275,1470,920,1876,19904,-26095,1497,
4.919999999999901,1594290312.5983174,3210,571,1899,-24288,17987,990,
4.923999999999901,1594290312.5983562,-13398,2461,1833,235848,-239587,-1390,
4.9279999999999005,1594290312.598405,-50473,4241,195,879622,-881363,-970,
4.9319999999999,1594290312.5984557,-26962,3135,1064,553599,-557238,219,
4.9359999999999,1594290312.5984955,1315,898,1778,13155,-19347,1622,
4.939999999999899,1594290312.598534,3288,402,1772,-26519,20115,1253,
4.943999999999899,1594290312.5985727,-13178,2454,1765,204950,-208742,-1296,
4.947999999999898,1594290312.5986123,-50451,4190,211,811803,-813606,-939,
4.951999999999898,1594290312.5986514,-27350,3098,1041,491997,-495662,275,
4.955999999999897,1594290312.5986905,1206,938,1509,875,-7033,1789,
4.959999999999897,1594290312.598756,3270,452,1479,-29210,22886,1431,
4.9639999999998965,1594290312.598799,-13771,2547,1602,178726,-182419,-1222,
4.967999999999896,1594290312.598859,-50966,4221,237,745977,-747743,-977,
4.971999999999896,1594290312.5988998,-26397,3030,1084,423386,-427044,311,
4.975999999999895,1594290312.5989397,1374,818,1318,-11110,5021,2008,
4.979999999999895,1594290312.5989861,3361,434,1245,-32021,25661,1730,
4.983999999999894,1594290312.5990262,-13054,2439,1572,144698,-148344,-1208,
4.987999999999894,1594290312.5990674,-50317,4207,294,664906,-666671,-1062,
4.991999999999893,1594290312.5991077,-27188,3130,983,377617,-381267,278,
4.995999999999893,1594290312.5991485,1319,831,1123,-18009,11896,2121,
4.9999999999998925,1594290312.5991886,3362,352,1069,-33793,27490,1883,
5.003999999999892,1594290312.5992286,-13200,2461,1436,136763,-140451,-1086,
5.007999999999892,1594290312.5992799,-50168,4245,222,647877,-649548,-1146,
5.011999999999891,1594290312.5993207,-26890,3186,955,360075,-363633,277,
5.015999999999891,1594290312.5993621,1296,860,1103,-19932,13849,2186,
5.01999999999989,1594290312.5994012,3268,445,1072,-33824,27475,1888,
5.02399999999989,1594290312.599442,-13023,2390,1534,134201,-137953,-1068,
5.0279999999998894,1594290312.5994825,-50721,4242,254,651129,-652848,-1083,
5.031999999999889,1594290312.5995228,-27355,3132,991,371264,-374839,299,
5.035999999999889,1594290312.599562,1325,878,1199,-17302,11197,2115,
5.039999999999888,1594290312.5996015,3293,440,1159,-32512,26181,1771,
5.043999999999888,1594290312.5996408,-13233,2451,1525,149525,-153222,-1153,
5.047999999999887,1594290312.5996842,-50892,4191,227,696483,-698189,-1073,
5.051999999999887,1594290312.599736,-27835,3175,975,416662,-420186,312,
5.055999999999886,1594290312.5997767,1434,864,1382,-10554,4389,1965,
5.059999999999886,1594290312.5998192,3341,459,1421,-30445,24073,1600,
5.0639999999998855,1594290312.5998604,-12986,2393,1681,170841,-174649,-1165,
5.067999999999885,1594290312.5999007,-50911,4277,250,760062,-761877,-1041,
