"Qty";"Value";"Device";"Package";"Parts";"Description";"ALLIED_NUMBER";"ALLIED_PRICE-STOCK";"AVAILABILITY";"DESCRIPTION";"DIGI-KEY_PART_NUMBER";"DIGI-KEY_PURCHASE_URL";"HEIGHT";"MANUFACTURER_NAME";"MANUFACTURER_PART_NUMBER";"MF";"MOUSER_PART_NUMBER";"MOUSER_PRICE-STOCK";"MP";"MPN";"OC_FARNELL";"OC_NEWARK";"PACKAGE";"POPULARITY";"PRICE";"RS_PART_NUMBER";"RS_PRICE-STOCK";"SUPPLIER";
"54";"0 Ohm";"CRCW06030000Z0EAC";"RESC1608X55N";"R1, R2, R3, R4, R5, R6, R7, R8, R9, R10, R11, R12, R13, R14, R15, R16, R17, R18, R19, R20, R21, R22, R23, R24, R25, R26, R27, R28, R29, R30, R31, R32, R33, R34, R35, R36, R37, R38, R39, R40, R42, R44, R46, R48, R50, R52, R54, R55, R56, R57, R58, R59, R60, R61";"Thick Film Resistors - SMD";"";"";"";"Thick Film Resistors - SMD";"";"";"0.55mm";"Vishay";"CRCW06030000Z0EAC";"";"71-CRCW06030000Z0EAC";"https://www.mouser.com/Search/Refine.aspx?Keyword=71-CRCW06030000Z0EAC";"";"";"";"";"";"";"";"";"";"";
"2";"0.01uF";"GRM022R60J103ME19L";"CAPC0402X22N";"C10, C57";"Capacitor GRM02 L=0.4mm W=0.2mm T=0.2mm";"";"";"";"Capacitor GRM02 L=0.4mm W=0.2mm T=0.2mm";"";"";"0.22mm";"Murata Electronics";"GRM022R60J103ME19L";"";"81-GRM022R60J103ME9L";"https://www.mouser.com/Search/Refine.aspx?Keyword=81-GRM022R60J103ME9L";"";"";"";"";"";"";"";"";"";"";
"24";"0.1 uF";"01016D104MAT2A";"CAPC0402X22N";"C63, C64, C65, C66, C67, C68, C69, C70, C71, C72, C73, C74, C76, C77, C78, C79, C81, C82, C83, C84, C85, C86, C87, C88";"Multilayer Ceramic Capacitors MLCC - SMD/SMT 6.3V 0.1uF 20% 101";"";"";"";"Multilayer Ceramic Capacitors MLCC - SMD/SMT 6.3V 0.1uF 20% 101";"";"";"0.22mm";"AVX";"01016D104MAT2A";"";"581-01016D104MAT2A";"https://www.mouser.com/Search/Refine.aspx?Keyword=581-01016D104MAT2A";"";"";"";"";"";"";"";"";"";"";
"2";"1 kohm";"RC0201JR-073R3L";"RESC0603X26N";"R68, R69";"YAGEO RC0201 J";"";"";"";"YAGEO RC0201 J";"";"";"0.26mm";"YAGEO (PHYCOMP)";"RC0201JR-073R3L";"";"603-RC0201JR-073R3L";"https://www.mouser.com/Search/Refine.aspx?Keyword=603-RC0201JR-073R3L";"";"";"";"";"";"";"";"";"";"";
"1";"1 uF";"01016D104MAT2A";"CAPC0402X22N";"C75";"Multilayer Ceramic Capacitors MLCC - SMD/SMT 6.3V 0.1uF 20% 101";"";"";"";"Multilayer Ceramic Capacitors MLCC - SMD/SMT 6.3V 0.1uF 20% 101";"";"";"0.22mm";"AVX";"01016D104MAT2A";"";"581-01016D104MAT2A";"https://www.mouser.com/Search/Refine.aspx?Keyword=581-01016D104MAT2A";"";"";"";"";"";"";"";"";"";"";
"31";"1 uF";"JMK105BJ105MP-F";"CAPC1005X33N";"C1, C2, C4, C5, C6, C7, C8, C9, C11, C12, C13, C14, C15, C16, C17, C18, C21, C24, C25, C26, C27, C28, C29, C30, C31, C32, C37, C38, C39, C40, C51";"Taiyo Yuden JMK105BJ105MP-F 1F MLCC 6.3V dc +/-20% Tolerance SMD";"";"";"";"Taiyo Yuden JMK105BJ105MP-F 1F MLCC 6.3V dc +/-20% Tolerance SMD";"";"";"0.33mm";"TAIYO YUDEN";"JMK105BJ105MP-F";"";"963-JMK105BJ105MP-F";"https://www.mouser.com/Search/Refine.aspx?Keyword=963-JMK105BJ105MP-F";"";"";"";"";"";"";"";"1843471";"https://uk.rs-online.com/web/p/products/1843471";"";
"2";"10 kOhms";"RC0100JR-0710KL";"RESC0402X15N";"R66, R67";"Thick Film Resistors - SMD 10K   OHM   5%";"";"";"";"Thick Film Resistors - SMD 10K   OHM   5%";"";"";"0.15mm";"YAGEO (PHYCOMP)";"RC0100JR-0710KL";"";"603-RC0100JR-0710KL";"https://www.mouser.com/Search/Refine.aspx?Keyword=603-RC0100JR-0710KL";"";"";"";"";"";"";"";"";"";"";
"2";"10 uF";"EMK107BBJ106MA-T";"CAPC1608X100N";"C55, C56";"TAIYO YUDEN - EMK107BBJ106MA-T - CAPACITOR, MLCC, X5R, 10UF, 16V, 0603, REEL";"";"";"";"TAIYO YUDEN - EMK107BBJ106MA-T - CAPACITOR, MLCC, X5R, 10UF, 16V, 0603, REEL";"";"";"1mm";"TAIYO YUDEN";"EMK107BBJ106MA-T";"";"963-EMK107BBJ106MA-T";"https://www.mouser.com/Search/Refine.aspx?Keyword=963-EMK107BBJ106MA-T";"";"";"";"";"";"";"";"1843904P";"http://uk.rs-online.com/web/p/products/1843904P";"";
"1";"150060RS75000";"150060RS75000";"LEDC1608X80N";"LED3";"WURTH ELEKTRONIK - 150060RS75000 - LED, 0603, RED, 250MCD, 625NM";"";"";"";"WURTH ELEKTRONIK - 150060RS75000 - LED, 0603, RED, 250MCD, 625NM";"";"";"0.8mm";"Wurth Elektronik";"150060RS75000";"";"710-150060RS75000";"https://www.mouser.com/Search/Refine.aspx?Keyword=710-150060RS75000";"";"";"";"";"";"";"";"8154203P";"http://uk.rs-online.com/web/p/products/8154203P";"";
"1";"191kohm";"RC0201FR-07191KL";"RESC0603X26N";"R62";"Thick Film Resistors - SMD";"";"";"";"Thick Film Resistors - SMD";"";"";"0.26mm";"YAGEO (PHYCOMP)";"RC0201FR-07191KL";"";"603-RC0201FR-07191KL";"https://www.mouser.com/Search/Refine.aspx?Keyword=603-RC0201FR-07191KL";"";"";"";"";"";"";"";"";"";"";
"2";"2.2 kOhms";"CRCW12102K20FKEAHP";"RESC3225X70N";"R70, R71";"Thick Film Resistors - SMD 3/4watt 2.2Kohms 1% High Power AEC-Q200";"";"";"";"Thick Film Resistors - SMD 3/4watt 2.2Kohms 1% High Power AEC-Q200";"";"";"0.7mm";"Vishay";"CRCW12102K20FKEAHP";"";"71-CRCW12102K20FKEAH";"https://www.mouser.com/Search/Refine.aspx?Keyword=71-CRCW12102K20FKEAH";"";"";"";"";"";"";"";"";"";"";
"2";"2.2uF";"GRM033R60J225ME47D";"CAPC0603X33N";"C3, C19";"Multilayer Ceramic Capacitors MLCC - SMD/SMT 0201 2.2uF 6.3volts";"";"";"";"Multilayer Ceramic Capacitors MLCC - SMD/SMT 0201 2.2uF 6.3volts";"";"";"0.33mm";"Murata Electronics";"GRM033R60J225ME47D";"";"81-GRM033R60J225ME7D";"https://www.mouser.com/Search/Refine.aspx?Keyword=81-GRM033R60J225ME7D";"";"";"";"";"";"";"";"";"";"";
"1";"219-3LPSTR";"219-3LPSTR";"2193LPSTR";"AGND_SELECT";"3 Way Surface Mount DIP Switch Single Pole Single Throw (SPST)";"";"";"";"3 Way Surface Mount DIP Switch Single Pole Single Throw (SPST)";"";"";"3.95mm";"CTS";"219-3LPSTR";"";"774-2193LPSTR";"https://www.mouser.com/Search/Refine.aspx?Keyword=774-2193LPSTR";"";"";"";"";"";"";"";"1774327";"http://uk.rs-online.com/web/p/products/1774327";"";
"1";"30310-6002HB";"30310-6002HB";"SHDR10W64P254_2X5_2030X878X930";"J1";"Headers & Wire Housings 10P STRT 4WALL GLDFL";"71084740";"https://www.alliedelec.com/3m-30310-6002hb/71084740/";"";"Headers & Wire Housings 10P STRT 4WALL GLDFL";"";"";"9.3mm";"3M";"30310-6002HB";"";"517-30310-6002";"https://www.mouser.com/Search/Refine.aspx?Keyword=517-30310-6002";"";"";"";"";"";"";"";"2508576690";"http://uk.rs-online.com/web/p/products/2508576690";"";
"2";"41 kOhms";"CRCW020141K2FNED";"RESC0603X28N";"R64, R65";"Thick Film Resistors - SMD 41.2K OHM   1%";"";"";"";"Thick Film Resistors - SMD 41.2K OHM   1%";"";"";"0.28mm";"Vishay";"CRCW020141K2FNED";"";"71-CRCW020141K2FNED";"https://www.mouser.com/Search/Refine.aspx?Keyword=71-CRCW020141K2FNED";"";"";"";"";"";"";"";"";"";"";
"1";"82kOhms";"ERA-3AEB823V";"RESC1608X55N";"R63";"RESISTOR, 0603 82 kOhm +/-0.1% 0.1 W";"";"";"";"RESISTOR, 0603 82 kOhm +/-0.1% 0.1 W";"";"";"0.55mm";"Panasonic";"ERA-3AEB823V";"";"667-ERA-3AEB823V";"https://www.mouser.com/Search/Refine.aspx?Keyword=667-ERA-3AEB823V";"";"";"";"";"";"";"";"";"";"";
"3";"AD7771BCPZ";"AD7771BCPZ";"QFN50P900X900X80-65N";"ADC1, ADC2, ADC3";"Analog to Digital Converters - ADC Eight 24B 128ksps SD-ADC PGA SRC";"";"";"";"Analog to Digital Converters - ADC Eight 24B 128ksps SD-ADC PGA SRC";"";"";"0.8mm";"Analog Devices";"AD7771BCPZ";"";"584-AD7771BCPZ";"https://www.mouser.com/Search/Refine.aspx?Keyword=584-AD7771BCPZ";"";"";"";"";"";"";"";"";"";"";
"1";"ADP7118ACPZN3.3-R7";"ADP7118ACPZN3.3-R7";"SON65P200X200X65-7N";"VCC3.3_DIG";"LDO Voltage Regulators 20V 200mA LDO 3.3Vo";"";"";"";"LDO Voltage Regulators 20V 200mA LDO 3.3Vo";"";"";"0.65mm";"Linear Technology";"ADP7118ACPZN3.3-R7";"";"584-P7118ACPZN3.3R7";"https://www.mouser.com/Search/Refine.aspx?Keyword=584-P7118ACPZN3.3R7";"";"";"";"";"";"";"";"";"";"";
"1";"ADR4525";"ADR4525";"SOIC-8";"ADR4525";"";"";"";"";" Series Voltage Reference IC ±0.04% 8-SOIC ";"ADR4525ARZ-R7CT-ND";"https://www.digikey.de/product-detail/en/analog-devices-inc/ADR4525ARZ-R7/ADR4525ARZ-R7CT-ND/4909196?utm_source=snapeda&utm_medium=aggregator&utm_campaign=symbol";"";"";"";"Analog Devices";"";"";"ADR4525";"";"";"";"SOIC-8 Analog Devices";"";"";"";"";"";
"1";"BC832";"BC832";"XCVR_BC832";"BC832";"Micro BLE 5 Module: Nordic nRF52832 SoC with chip antenna and castellated pins";"";"";"Unavailable";" Bluetooth Bluetooth v5.0 Transceiver Module 2.4GHz Integrated, Chip Surface Mount ";"";"";"";"";"";"Fanstel Corp.";"";"";"BC832";"";"";"";"Module Fanstel Corp.";"";"None";"";"";"";
"1";"BQ24072TRGTR";"BQ24072TRGTR";"QFN50P300X300X100-17N";"CHARGER";"1.5A USB-Friendly Li-Ion Battery Charger and Power-Path Management IC";"";"";"";"";"";"";"";"";"";"";"";"";"";"BQ24072TRGTR";"-";"74R6078";"QFN-16";"";"";"";"";"Texas Instruments";
"1";"EVQ-Q2B03W";"EVQ-Q2B03W";"EVQQ2";"RESET";"PANASONIC ELECTRONIC COMPONENTS - EVQ-Q2B03W - SWITCH, TACTILE, SPST-NO, 20mA, 15VDC, SMD";"70270748";"https://www.alliedelec.com/panasonic-evq-q2b03w/70270748/";"";"PANASONIC ELECTRONIC COMPONENTS - EVQ-Q2B03W - SWITCH, TACTILE, SPST-NO, 20mA, 15VDC, SMD";"";"";"mm";"Panasonic";"EVQ-Q2B03W";"";"667-EVQ-Q2B03W";"https://www.mouser.com/Search/Refine.aspx?Keyword=667-EVQ-Q2B03W";"";"";"";"";"";"";"";"";"";"";
"1";"ISL21010DFH312Z-TK";"ISL21010DFH312Z-TK";"SOT95P237X112-3N";"AGND_SUB1.2V";"Voltage References Micropower Voltage Reference";"";"";"";"Voltage References Micropower Voltage Reference";"";"";"1.12mm";"Renesas Electronics";"ISL21010DFH312Z-TK";"";"968-ISL21010DFH312ZT";"https://www.mouser.com/Search/ProductDetail.aspx?qs=9fLuogzTs8LVsLxgRfQnrw%3d%3d";"";"";"";"";"";"";"";"";"";"";
"1";"MICRO-USB-SHIELD-ZX62R-B-5P";"MICRO-USB-SHIELD-ZX62R-B-5P";"ZX62R-B-5P";"USB";"Hirose Micro USB Connector";"";"";"";"";"";"";"";"";"";"";"";"";"";"";"";"";"";"";"";"";"";"";
"26";"SE11";"SE11";"SE11";"ACTIVE_REF, CH0, CH1, CH2, CH3, CH4, CH5, CH6, CH7, CH8, CH9, CH10, CH11, CH12, CH13, CH14, CH15, CH16, CH17, CH18, CH19, CH20, CH21, CH22, CH23, SUBJECT_GND";"SOLDER PAD RTM, drill 1,1mm, distributor Buerklin, 07F810";"";"";"";"";"";"";"";"";"";"";"";"";"";"";"";"";"";"2";"";"";"";"";
"1";"SG-210STF 8.1920ML3 ";"SG-210STF_8.0000MY3";"SG210STF80000MY3";"CLOCK";"Standard Clock Oscillators 8MHz 50ppm -40C +105C";"";"";"";"Standard Clock Oscillators 8MHz 50ppm -40C +105C";"";"";"0.9mm";"Epson Timing";"SG-210STF 8.0000MY3";"";"732-SG210STF8.0Y3";"https://www.mouser.com/Search/Refine.aspx?Keyword=732-SG210STF8.0Y3";"";"";"";"";"";"";"";"";"";"";
"1";"SML-P11MTT86R";"SML-P11MTT86R";"LEDC1006X25N";"LED1";"ROHM - SML-P11MTT86R - LED, YELLOW GREEN, 2.1MCD, 569NM, 0402";"";"";"";"ROHM - SML-P11MTT86R - LED, YELLOW GREEN, 2.1MCD, 569NM, 0402";"";"";"0.25mm";"ROHM Semiconductor";"SML-P11MTT86R";"";"755-SML-P11MTT86R";"https://www.mouser.com/Search/Refine.aspx?Keyword=755-SML-P11MTT86R";"";"";"";"";"";"";"";"";"";"";
"1";"SMTU2477N-LF";"SMTU2477N-LF";"SMTU2477N-LF";"ADC_REF";"SMTU2430-LF";"";"";"";"";"";"";"";"";"";"";"";"";"";"";"";"";"";"";"";"";"";"";
"1";"SSSS810701";"SSSS810701";"SSSS810701";"V_SWITCH";"Slide Switches Horiz 1 Pole 2 Pos 1.1 Knob 1.5 Travel";"";"";"";"Slide Switches Horiz 1 Pole 2 Pos 1.1 Knob 1.5 Travel";"";"";"mm";"ALPS";"SSSS810701";"";"688-SSSS810701";"https://www.mouser.com/Search/Refine.aspx?Keyword=688-SSSS810701";"";"";"";"";"";"";"";"1238937";"http://uk.rs-online.com/web/p/products/1238937";"";
"7";"TPD4E1B06DRLR";"TPD4E1B06DRLR";"SOP50P160X60-6N";"ESD1, ESD2, ESD3, ESD4, ESD5, ESD6, ESD7";"Bidirectional Quad-Channel High-Speed ESD Protection Device";"";"";"";"Bidirectional Quad-Channel High-Speed ESD Protection Device";"";"";"0.6mm";"Texas Instruments";"TPD4E1B06DRLR";"";"595-TPD4E1B06DRLR";"https://www.mouser.com/Search/Refine.aspx?Keyword=595-TPD4E1B06DRLR";"";"";"";"";"";"";"";"";"";"";
"1";"TPS73233DBVT";"TPS73233DBVT";"SOT95P280X145-5N";"VCC3.3_AN";"Cap-Free, NMOS, 250mA Low Dropout Regulator  with Reverse Current Protection";"";"";"";"";"";"";"";"";"";"";"";"";"";"TPS73233DBVT";"-";"87H2968";"SOT-23-5";"";"";"";"";"Texas Instruments";
