Username, User ID, Session ID,Session Tag,Date,Shape (rows x columns),Duration (ms),Starting Time,Ending Time,Resolution (ms),Resolution (Hz),Unit Measure,Starting Timestamp,Ending Timestamp
user,12345678,bdbb454f-5538-45a4-a4c0-2e67373fe634,exp7,11-09-2020_16-12-42,1148x6,237727,16:12:30.543,16:12:35.187,4.048583,247.0,ÂµV,1599833317460,1599833555187,
Pkg ID,Time,Ch-1,Ch-2,Ch-3,Ch-4,Ch-5,Ch-6,Ch-7,Ch-8
5,0.0,-1381.9965,-25.350264,-1019.42285,-2053.19,-2054.2659,-2057.4453,
6,2.0,-1530.5631,-25.358011,-1086.3286,-2053.194,-2054.286,-2057.4546,
7,4.0,-1407.7583,-24.958693,-1068.9564,-2053.2156,-2054.3184,-2057.4636,
-8,5.0,-1507.6404,-24.176441,-1091.6315,-2053.2,-2054.3267,-2057.4521,
-7,6.0,-1431.6305,-23.017221,-1067.5796,-2053.2026,-2054.3196,-2057.4734,
-6,7.0,-1343.8083,-21.503979,-981.30536,-2053.202,-2054.3118,-2057.474,
-5,8.0,-1475.131,-19.646841,-999.8004,-2053.1987,-2054.3064,-2057.4768,
-4,69.0,-1387.4031,-17.49111,-1018.2973,-2053.213,-2054.316,-2057.4685,
-3,92.0,-1467.7632,-15.058536,-1035.3527,-2053.2302,-2054.341,-2057.502,
-2,94.0,-1389.793,-12.391436,-996.8556,-2053.2485,-2054.3765,-2057.5117,
-1,99.0,-1295.2123,-9.526762,-922.3002,-2053.2136,-2054.3433,-2057.4849,
0,100.0,-1437.1678,-6.51577,-951.1177,-2053.213,-2054.3367,-2057.487,
1,105.0,-1364.9276,-3.408226,-986.6905,-2053.223,-2054.341,-2057.4868,
2,107.0,-1463.3964,-0.256876,-1022.8722,-2053.1997,-2054.314,-2057.4636,
3,108.0,-1437.7761,2.893282,-1030.6718,-2053.223,-2054.3547,-2057.4807,
4,109.0,-1386.9329,6.003806,-1000.88934,-2053.2156,-2054.3167,-2057.4724,
5,109.0,-1511.8488,9.017778,-1049.0557,-2053.223,-2054.332,-2057.4639,
6,110.0,-1359.9329,11.88871,-1015.24396,-2053.231,-2054.3474,-2057.4854,
7,111.0,-1466.416,14.56028,-1025.0863,-2053.228,-2054.3367,-2057.5095,
-8,115.0,-1469.4982,17.004774,-1066.963,-2053.2478,-2054.3464,-2057.5137,
-7,116.0,-1430.4015,19.1763,-1061.4406,-2053.2627,-2054.3772,-2057.5293,
-6,118.0,-1542.2263,21.0388,-1114.2161,-2053.2588,-2054.3738,-2057.5273,
-5,119.0,-1360.1176,22.565155,-1032.8641,-2053.223,-2054.3562,-2057.5063,
-4,122.0,-1464.8574,23.73719,-1030.5302,-2053.2092,-2054.3267,-2057.4695,
-3,123.0,-1467.3359,24.533148,-1084.8765,-2053.2075,-2054.3044,-2057.457,
-2,124.0,-1427.8861,24.937237,-1086.0621,-2053.2075,-2054.3257,-2057.4478,
-1,125.0,-1546.1248,24.951838,-1149.3616,-2053.2173,-2054.3481,-2057.4868,
0,126.0,-1361.348,24.56265,-1045.449,-2053.2188,-2054.333,-2057.4822,
1,127.0,-1483.6764,23.783678,-1050.4071,-2053.2031,-2054.313,-2057.46,
2,128.0,-1511.7921,22.62565,-1119.9442,-2053.194,-2054.291,-2057.4424,
3,131.0,-1495.882,21.109426,-1131.8401,-2053.1926,-2054.315,-2057.4631,
4,132.0,-1597.6555,19.25676,-1200.8998,-2053.169,-2054.2793,-2057.4368,
5,133.0,-1373.2687,17.091492,-1064.8494,-2053.194,-2054.3015,-2057.452,
6,134.0,-1495.3676,14.66458,-1065.8181,-2053.1858,-2054.3362,-2057.4639,
7,135.0,-1501.1002,11.993904,-1126.4635,-2053.1912,-2054.2957,-2057.4414,
-8,136.0,-1465.955,9.128336,-1125.9158,-2053.1885,-2054.288,-2057.4421,
-7,138.0,-1580.1674,6.117046,-1199.9406,-2053.175,-2054.286,-2057.436,
-6,139.0,-1380.6996,3.002052,-1072.6576,-2053.1946,-2054.3142,-2057.4543,
-5,140.0,-1500.306,-0.151682,-1078.7886,-2053.1892,-2054.3054,-2057.455,
-4,141.0,-1496.9491,-3.302138,-1130.4058,-2053.2163,-2054.338,-2057.4807,
-3,142.0,-1458.2236,-6.39806,-1114.1234,-2053.1914,-2054.3247,-2057.469,
-2,143.0,-1582.6724,-9.402198,-1194.7916,-2053.1863,-2054.3235,-2057.4565,
-1,144.0,-1388.3596,-12.276408,-1080.2667,-2053.202,-2054.3137,-2057.4543,
0,145.0,-1515.8324,-14.947382,-1095.771,-2053.1958,-2054.3271,-2057.4465,
1,149.0,-1505.2567,-17.389492,-1129.471,-2053.1748,-2054.2983,-2057.4534,
2,150.0,-1461.4087,-19.558039,-1096.4326,-2053.1714,-2054.302,-2057.451,
3,152.0,-1585.1836,-21.422625,-1177.1066,-2053.1863,-2054.2942,-2057.453,
4,155.0,-1396.2104,-22.955238,-1081.5284,-2053.188,-2054.3022,-2057.445,
5,156.0,-1529.0005,-24.129656,-1108.8914,-2053.1716,-2054.3142,-2057.446,
6,157.0,-1514.898,-24.927402,-1141.0757,-2053.175,-2054.319,-2057.4539,
7,158.0,-1467.7797,-25.339537,-1100.224,-2053.1997,-2054.332,-2057.4705,
-8,159.0,-1592.313,-25.358906,-1180.2817,-2053.2058,-2054.36,-2057.4717,
-7,160.0,-1403.6262,-24.97389,-1085.881,-2053.2102,-2054.3313,-2057.4692,
-6,176.0,-1526.438,-24.187765,-1109.7106,-2053.2202,-2054.3284,-2057.4832,
-5,193.0,-1492.7198,-23.0354,-1131.8904,-2053.2168,-2054.341,-2057.4788,
-4,194.0,-1433.7433,-21.515303,-1073.7802,-2053.2346,-2054.3596,-2057.493,
-3,196.0,-1576.0948,-19.665615,-1151.7915,-2053.2058,-2054.3257,-2057.4705,
-2,200.0,-1406.9569,-17.497965,-1081.857,-2053.1946,-2054.3193,-2057.4639,
-1,201.0,-1542.349,-15.056152,-1110.9473,-2053.1807,-2054.3008,-2057.4395,
0,221.0,-1527.5906,-12.390244,-1124.1952,-2053.192,-2054.2922,-2057.4246,
1,223.0,-1480.7731,-9.53898,-1063.2488,-2053.204,-2054.2966,-2057.448,
2,224.0,-1608.8674,-6.538716,-1148.5906,-2053.214,-2054.3225,-2057.4573,
3,225.0,-1416.898,-3.432066,-1081.8464,-2053.221,-2054.334,-2057.471,
4,231.0,-1550.8466,-0.282802,-1110.9902,-2053.2236,-2054.33,-2057.4856,
5,233.0,-1523.6243,2.861098,-1122.3907,-2053.2163,-2054.315,-2057.465,
6,234.0,-1461.0609,5.97639,-1051.6858,-2053.2153,-2054.3223,-2057.4692,
7,235.0,-1591.3954,8.98619,-1126.0133,-2053.198,-2054.3098,-2057.4656,
-8,248.0,-1424.0454,11.861592,-1077.6711,-2053.183,-2054.31,-2057.4487,
-7,250.0,-1557.5947,14.529884,-1122.6837,-2053.1736,-2054.2969,-2057.445,
-6,251.0,-1519.5404,16.97408,-1141.8892,-2053.1968,-2054.3003,-2057.4685,
-5,252.0,-1452.945,19.155739,-1077.7253,-2053.1917,-2054.3315,-2057.4558,
-4,254.0,-1591.2277,21.026283,-1153.7294,-2053.1755,-2054.3088,-2057.446,
-3,256.0,-1428.309,22.56009,-1083.6847,-2053.198,-2054.2952,-2057.4443,
-2,257.0,-1553.168,23.740467,-1113.9365,-2053.1836,-2054.2705,-2057.4307,
-1,261.0,-1509.6522,24.542982,-1132.0743,-2053.169,-2054.29,-2057.426,
0,264.0,-1436.6309,24.951242,-1063.1398,-2053.1711,-2054.2817,-2057.4421,
1,266.0,-1582.9397,24.964651,-1144.0631,-2053.1836,-2054.2827,-2057.4346,
2,267.0,-1430.9761,24.578444,-1084.801,-2053.1897,-2054.2798,-2057.444,
3,268.0,-1568.9557,23.806623,-1133.9854,-2053.1914,-2054.3071,-2057.4417,
4,269.0,-1539.0127,22.653662,-1170.9615,-2053.194,-2054.2993,-2057.4438,
5,273.0,-1479.5455,21.131777,-1118.1592,-2053.2024,-2054.306,-2057.4575,
6,274.0,-1616.3994,19.283281,-1201.353,-2053.182,-2054.278,-2057.4543,
7,275.0,-1438.528,17.121292,-1100.4186,-2053.2222,-2054.3071,-2057.472,
-8,276.0,-1569.4027,14.69289,-1137.1185,-2053.2036,-2054.3315,-2057.471,
-7,277.0,-1534.4241,12.027578,-1176.3868,-2053.208,-2054.316,-2057.4668,
-6,278.0,-1470.6261,9.171248,-1122.0612,-2053.1897,-2054.3118,-2057.4604,
-5,308.0,-1611.1954,6.171282,-1205.7878,-2053.169,-2054.2747,-2057.4375,
-4,310.0,-1443.874,3.059864,-1108.7648,-2053.1777,-2054.3064,-2057.4521,
-3,311.0,-1580.9648,-0.082546,-1154.3915,-2053.1755,-2054.3015,-2057.4585,
-2,312.0,-1549.5076,-3.231512,-1191.2064,-2053.2063,-2054.3137,-2057.4707,
-1,316.0,-1485.0096,-6.340844,-1130.1155,-2053.1863,-2054.2886,-2057.4487,
0,319.0,-1621.9034,-9.350346,-1211.634,-2053.169,-2054.2817,-2057.4487,
1,320.0,-1451.2972,-12.224556,-1116.951,-2053.1724,-2054.301,-2057.4438,
2,322.0,-1585.0393,-14.897318,-1163.4587,-2053.1738,-2054.2966,-2057.4463,
3,323.0,-1548.5326,-17.352839,-1198.7858,-2053.1885,-2054.3137,-2057.452,
4,347.0,-1479.4893,-19.530025,-1136.5526,-2053.1626,-2054.2766,-2057.4302,
5,349.0,-1622.0035,-21.408022,-1226.0676,-2053.1965,-2054.3118,-2057.4602,
6,350.0,-1456.9158,-22.946,-1127.6069,-2053.1997,-2054.3303,-2057.4656,
7,351.0,-1583.4159,-24.125484,-1165.2435,-2053.1758,-2054.2954,-2057.4465,
-8,353.0,-1537.5137,-24.930979,-1186.5427,-2053.1753,-2054.2854,-2057.4353,
-7,370.0,-1471.8398,-25.341621,-1119.6119,-2053.174,-2054.3115,-2057.4402,
-6,371.0,-1618.3712,-25.34937,-1204.9525,-2053.1765,-2054.2932,-2057.4514,
-5,403.0,-1460.2268,-24.962864,-1128.1621,-2053.1614,-2054.2705,-2057.422,
-4,410.0,-1593.8658,-24.185083,-1177.5925,-2053.162,-2054.2778,-2057.4185,
-3,413.0,-1563.3384,-23.037188,-1209.6538,-2053.178,-2054.3,-2057.449,
-2,414.0,-1503.4655,-21.523645,-1142.6732,-2053.1838,-2054.2922,-2057.4534,
-1,417.0,-1639.9408,-19.668299,-1225.8263,-2053.1663,-2054.2874,-2057.4426,
0,422.0,-1467.709,-17.517334,-1139.0642,-2053.1897,-2054.2805,-2057.4597,
1,424.0,-1592.372,-15.091316,-1178.9384,-2053.1704,-2054.2803,-2057.46,
2,425.0,-1542.1011,-12.431964,-1192.0599,-2053.2,-2054.333,-2057.471,
3,426.0,-1477.0837,-9.57623,-1120.4866,-2053.2026,-2054.3176,-2057.4673,
4,427.0,-1628.2118,-6.576562,-1213.4813,-2053.1812,-2054.2979,-2057.4438,
5,440.0,-1469.5333,-3.475276,-1141.0631,-2053.1797,-2054.3008,-2057.4463,
6,443.0,-1593.0901,-0.325416,-1183.6482,-2053.1672,-2054.2966,-2057.4478,
7,444.0,-1539.2782,2.82206,-1193.3196,-2053.19,-2054.298,-2057.4563,
-8,445.0,-1467.3451,5.940034,-1118.1565,-2053.1934,-2054.2935,-2057.4539,
-7,464.0,-1622.2961,8.954006,-1213.0519,-2053.2227,-2054.324,-2057.4802,
-6,468.0,-1469.3364,11.824044,-1143.0541,-2053.2146,-2054.311,-2057.4695,
-5,469.0,-1592.7721,14.502766,-1182.5477,-2053.1863,-2054.28,-2057.4592,
-4,470.0,-1543.0663,16.95769,-1192.801,-2053.1812,-2054.2947,-2057.4492,
-3,473.0,-1471.6527,19.136965,-1111.4402,-2053.1619,-2054.29,-2057.4355,
-2,474.0,-1623.6637,21.008106,-1202.268,-2053.1602,-2054.2603,-2057.4348,
-1,475.0,-1469.3193,22.55562,-1142.0475,-2053.1636,-2054.2825,-2057.4504,
0,476.0,-1589.6688,23.736893,-1181.1823,-2053.1501,-2054.2693,-2057.436,
1,477.0,-1534.0852,24.540895,-1186.9474,-2053.1755,-2054.2815,-2057.4438,
2,478.0,-1461.6155,24.952135,-1114.7396,-2053.1765,-2054.2676,-2057.4412,
3,479.0,-1615.3158,24.967632,-1210.5356,-2053.1643,-2054.2734,-2057.4111,
4,484.0,-1466.9902,24.590662,-1144.4303,-2053.196,-2054.3088,-2057.4495,
5,485.0,-1586.7314,23.821524,-1179.9095,-2053.172,-2054.2866,-2057.4363,
6,488.0,-1530.6481,22.674522,-1183.7135,-2053.1758,-2054.2725,-2057.4402,
7,490.0,-1450.2262,21.16098,-1101.3073,-2053.1587,-2054.2717,-2057.4263,
-8,502.0,-1604.3241,19.31487,-1188.7878,-2053.196,-2054.3196,-2057.461,
-7,504.0,-1462.8162,17.155859,-1138.6765,-2053.201,-2054.3123,-2057.4592,
-6,506.0,-1578.0029,14.737292,-1173.3076,-2053.1846,-2054.3008,-2057.448,
-5,531.0,-1527.0087,12.071086,-1179.0111,-2053.1704,-2054.2812,-2057.4429,
-4,533.0,-1447.6027,9.213862,-1095.8837,-2053.172,-2054.3157,-2057.4495,
-3,536.0,-1604.8468,6.209724,-1185.3042,-2053.1763,-2054.3008,-2057.4412,
-2,537.0,-1458.6171,3.103372,-1135.4506,-2053.1829,-2054.3438,-2057.4436,
-1,539.0,-1572.7739,-0.042018,-1168.9238,-2053.1865,-2054.2979,-2057.449,
0,540.0,-1515.2397,-3.191282,-1166.9794,-2053.193,-2054.3115,-2057.4407,
1,544.0,-1434.3223,-6.300316,-1086.9901,-2053.1687,-2054.31,-2057.421,
2,545.0,-1593.7656,-9.308626,-1180.6808,-2053.1594,-2054.3186,-2057.4233,
3,548.0,-1451.6545,-12.178366,-1132.3794,-2053.1616,-2054.3018,-2057.4307,
4,564.0,-1566.6992,-14.860664,-1164.3251,-2053.1523,-2054.2686,-2057.4192,
5,565.0,-1523.0363,-17.313501,-1176.3029,-2053.1648,-2054.2678,-2057.421,
6,566.0,-1439.6428,-19.490393,-1100.4847,-2053.1538,-2054.2964,-2057.4368,
7,567.0,-1588.1561,-21.367792,-1185.4336,-2053.1729,-2054.2878,-2057.4246,
-8,582.0,-1446.7009,-22.913816,-1131.7485,-2053.1897,-2054.2842,-2057.4268,
-7,584.0,-1563.2288,-24.092405,-1168.669,-2053.1736,-2054.2832,-2057.4312,
-6,585.0,-1531.1412,-24.904455,-1200.9606,-2053.1755,-2054.3044,-2057.413,
-5,589.0,-1473.1335,-25.324636,-1164.6326,-2053.1855,-2054.2957,-2057.4514,
-4,593.0,-1620.6855,-25.3449,-1271.0463,-2053.185,-2054.2793,-2057.4546,
-3,594.0,-1446.0093,-24.964354,-1151.9185,-2053.161,-2054.2805,-2057.4358,
-2,605.0,-1565.6407,-24.19313,-1179.0945,-2053.162,-2054.2966,-2057.434,
-1,607.0,-1529.289,-23.04732,-1204.9454,-2053.1877,-2054.305,-2057.456,
0,636.0,-1442.9607,-21.544506,-1133.0073,-2053.187,-2054.2996,-2057.4543,
1,637.0,-1588.1451,-19.70078,-1220.7296,-2053.139,-2054.3027,-2057.4197,
2,639.0,-1441.2576,-17.548326,-1143.9835,-2053.1755,-2054.311,-2057.4424,
3,640.0,-1540.9694,-15.125586,-1169.104,-2053.1775,-2054.3428,-2057.4578,
4,640.0,-1483.6508,-12.465638,-1179.0159,-2053.1855,-2054.3267,-2057.4587,
5,643.0,-1383.4626,-9.607222,-1095.4567,-2053.1694,-2054.2925,-2057.444,
6,646.0,-1543.8743,-6.607554,-1181.6147,-2053.1755,-2054.2878,-2057.4502,
7,647.0,-1428.1123,-3.509844,-1134.095,-2053.1843,-2054.2964,-2057.4578,
-8,657.0,-1531.872,-0.364454,-1168.0116,-2053.1582,-2054.2737,-2057.42,
-7,659.0,-1498.2367,2.791664,-1191.2806,-2053.16,-2054.302,-2057.4292,
-6,660.0,-1421.9183,5.905764,-1124.4124,-2053.1602,-2054.2896,-2057.4253,
-5,685.0,-1571.1573,8.928676,-1212.115,-2053.1575,-2054.275,-2057.413,
-4,687.0,-1422.1346,11.8025875,-1139.6178,-2053.1594,-2054.286,-2057.4207,
-3,688.0,-1529.9111,14.480118,-1167.0848,-2053.1567,-2054.2454,-2057.406,
-2,689.0,-1510.8933,16.933254,-1183.6482,-2053.1501,-2054.2993,-2057.4294,
-1,690.0,-1450.9594,19.1167,-1114.9708,-2053.147,-2054.2983,-2057.4204,
0,693.0,-1594.7351,20.98963,-1202.9521,-2053.1472,-2054.2515,-2057.4167,
1,696.0,-1420.513,22.538336,-1136.5997,-2053.1401,-2054.2544,-2057.4275,
2,697.0,-1538.852,23.7208,-1167.2168,-2053.1365,-2054.2678,-2057.41,
3,707.0,-1540.7017,24.530169,-1192.3064,-2053.174,-2054.2961,-2057.4363,
4,708.0,-1488.6105,24.94856,-1115.6232,-2053.1562,-2054.2664,-2057.4258,
5,710.0,-1620.1583,24.968227,-1182.0721,-2053.1655,-2054.2563,-2057.4204,
6,734.0,-1425.3885,24.593046,-1128.9385,-2053.1912,-2054.2808,-2057.4517,
7,736.0,-1545.9218,23.827484,-1156.7972,-2053.1694,-2054.252,-2057.4414,
-8,737.0,-1539.9159,22.68078,-1162.8237,-2053.1775,-2054.246,-2057.4478,
-7,741.0,-1486.8993,21.175581,-1093.7411,-2053.1738,-2054.295,-2057.4478,
-6,744.0,-1622.5641,19.332453,-1183.2477,-2053.166,-2054.2961,-2057.4397,
-5,758.0,-1430.0076,17.178806,-1128.3579,-2053.17,-2054.2856,-2057.4375,
-4,759.0,-1561.3755,14.761132,-1166.5388,-2053.1335,-2054.2666,-2057.4158,
-3,760.0,-1556.057,12.103866,-1199.1559,-2053.1619,-2054.2908,-2057.4316,
-2,761.0,-1492.5557,9.250814,-1129.6533,-2053.1619,-2054.2712,-2057.432,
-1,786.0,-1630.2712,6.247272,-1213.0638,-2053.1562,-2054.2588,-2057.426,
0,788.0,-1435.843,3.142708,-1134.9247,-2053.1802,-2054.2942,-2057.4333,
1,789.0,-1567.7533,-0.009536,-1151.311,-2053.1614,-2054.2693,-2057.4246,
2,790.0,-1577.5197,-3.159992,-1170.2245,-2053.162,-2054.2793,-2057.425,
3,791.0,-1531.6083,-6.264258,-1098.2799,-2053.151,-2054.256,-2057.4165,
4,797.0,-1658.279,-9.272866,-1177.3485,-2053.1619,-2054.2744,-2057.4233,
5,798.0,-1447.3973,-12.14648,-1125.7435,-2053.164,-2054.2961,-2057.4236,
6,818.0,-1568.9462,-14.828778,-1159.8264,-2053.125,-2054.2817,-2057.4019,
7,821.0,-1550.0205,-17.285788,-1210.3824,-2053.1257,-2054.252,-2057.4062,
-8,822.0,-1481.3186,-19.465956,-1174.9386,-2053.1284,-2054.2383,-2057.393,
-7,823.0,-1628.0753,-21.346931,-1279.5914,-2053.143,-2054.2456,-2057.414,
-6,829.0,-1451.1932,-22.896235,-1153.5404,-2053.1511,-2054.255,-2057.4272,
-5,830.0,-1575.6732,-24.077208,-1172.0835,-2053.124,-2054.2273,-2057.3962,
-4,831.0,-1555.7683,-24.889555,-1203.8475,-2053.1338,-2054.2434,-2057.4004,
-3,832.0,-1477.1896,-25.315397,-1129.0723,-2053.1338,-2054.2515,-2057.4043,
-2,852.0,-1623.9215,-25.336555,-1218.0216,-2053.1345,-2054.2532,-2057.4111,
-1,856.0,-1455.3458,-24.961374,-1142.5144,-2053.1277,-2054.2654,-2057.4087,
0,858.0,-1577.1796,-24.203262,-1165.2456,-2053.1228,-2054.2668,-2057.4177,
1,859.0,-1549.8291,-23.062817,-1189.5278,-2053.1606,-2054.2578,-2057.4197,
2,861.0,-1467.3395,-21.562386,-1119.9701,-2053.1655,-2054.2712,-2057.421,
3,862.0,-1615.7465,-19.720745,-1217.0317,-2053.1323,-2054.2666,-2057.4084,
4,863.0,-1457.6176,-17.573954,-1144.2053,-2053.1387,-2054.2551,-2057.4104,
5,864.0,-1580.0555,-15.149724,-1173.3289,-2053.1492,-2054.2778,-2057.418,
6,865.0,-1551.8765,-12.4936495,-1207.6632,-2053.1843,-2054.3047,-2057.446,
7,868.0,-1469.4991,-9.647154,-1137.972,-2053.1855,-2054.2712,-2057.4468,
-8,869.0,-1619.5746,-6.645698,-1225.995,-2053.1736,-2054.2874,-2057.444,
-7,871.0,-1459.5354,-3.547988,-1146.5044,-2053.1887,-2054.3127,-2057.446,
-6,872.0,-1579.1711,-0.403492,-1170.595,-2053.1736,-2054.267,-2057.4258,
-5,873.0,-1551.4985,2.75501,-1194.7598,-2053.1802,-2054.269,-2057.4456,
-4,874.0,-1477.0972,5.8705997,-1120.1597,-2053.1667,-2054.2637,-2057.4192,
-3,875.0,-1626.7018,8.891724,-1203.5049,-2053.1604,-2054.253,-2057.3962,
-2,879.0,-1461.6062,11.76206,-1141.6705,-2053.1748,-2054.3062,-2057.4368,
-1,903.0,-1582.5951,14.443762,-1174.4791,-2053.1519,-2054.283,-2057.4226,
0,905.0,-1557.6218,16.906733,-1209.9927,-2053.1553,-2054.2695,-2057.4353,
1,907.0,-1475.701,19.086304,-1144.1874,-2053.1333,-2054.2583,-2057.42,
2,908.0,-1625.7762,20.973537,-1236.4307,-2053.1333,-2054.2383,-2057.4097,
3,909.0,-1464.0498,22.521648,-1152.0912,-2053.1433,-2054.2349,-2057.3943,
4,910.0,-1585.3722,23.71037,-1181.9839,-2053.1458,-2054.2683,-2057.3977,
5,912.0,-1564.2264,24.522121,-1223.7311,-2053.161,-2054.2812,-2057.4048,
6,913.0,-1487.8711,24.9426,-1161.4795,-2053.1438,-2054.2812,-2057.4116,
7,916.0,-1638.0062,24.970016,-1257.4557,-2053.141,-2054.2966,-2057.4104,
-8,917.0,-1467.633,24.598112,-1160.5931,-2053.1633,-2054.2463,-2057.4138,
-7,918.0,-1587.6135,23.840298,-1189.155,-2053.1428,-2054.2476,-2057.4104,
-6,927.0,-1569.7668,22.704023,-1237.3324,-2053.158,-2054.2842,-2057.4153,
-5,928.0,-1490.0265,21.1878,-1173.8444,-2053.1658,-2054.3062,-2057.4287,
-4,929.0,-1638.5035,19.353312,-1268.3175,-2053.1667,-2054.2793,-2057.4304,
-3,954.0,-1471.3822,17.204433,-1168.6028,-2053.1702,-2054.3074,-2057.444,
-2,956.0,-1586.662,14.784972,-1193.1458,-2053.1587,-2054.2969,-2057.4375,
-1,957.0,-1561.8738,12.138434,-1224.46,-2053.1548,-2054.2842,-2057.4182,
0,958.0,-1482.7517,9.2827,-1147.8647,-2053.1345,-2054.2957,-2057.4204,
1,959.0,-1634.5894,6.28184,-1238.7616,-2053.121,-2054.2776,-2057.417,
2,960.0,-1473.8269,3.179064,-1166.2507,-2053.1414,-2054.2788,-2057.415,
3,964.0,-1595.9235,0.033078,-1204.1039,-2053.1226,-2054.2693,-2057.3833,
4,967.0,-1580.1787,-3.1141,-1249.8567,-2053.1445,-2054.2573,-2057.4019,
5,968.0,-1503.7202,-6.228796,-1181.2782,-2053.1135,-2054.2473,-2057.3967,
6,977.0,-1645.89,-9.238298,-1270.4423,-2053.15,-2054.2869,-2057.4187,
7,978.0,-1478.9496,-12.113402,-1179.1702,-2053.1572,-2054.2861,-2057.4185,
-8,979.0,-1599.367,-14.803448,-1215.4713,-2053.1572,-2054.284,-2057.4402,
-7,1004.0,-1582.2808,-17.264332,-1261.6396,-2053.1658,-2054.2654,-2057.4343,
-6,1006.0,-1509.6024,-19.455229,-1191.865,-2053.17,-2054.2585,-2057.4287,
-5,1007.0,-1656.8856,-21.341866,-1282.2625,-2053.1729,-2054.2537,-2057.434,
-4,1008.0,-1484.1261,-22.89236,-1186.1902,-2053.147,-2054.2556,-2057.4102,
-3,1009.0,-1603.814,-24.086147,-1220.203,-2053.1453,-2054.2427,-2057.4207,
-2,1010.0,-1572.8917,-24.90237,-1242.1144,-2053.17,-2054.2834,-2057.4397,
-1,1011.0,-1493.1824,-25.32553,-1161.1088,-2053.1519,-2054.2656,-2057.4265,
0,1016.0,-1648.0273,-25.349072,-1260.2882,-2053.137,-2054.2534,-2057.4072,
1,1017.0,-1486.0461,-24.985214,-1186.11,-2053.1633,-2054.2793,-2057.4321,
2,1037.0,-1611.846,-24.217566,-1233.3358,-2053.1458,-2054.2603,-2057.4294,
3,1040.0,-1592.2512,-23.071756,-1269.6454,-2053.1335,-2054.2605,-2057.398,
4,1041.0,-1513.9578,-21.574902,-1187.9651,-2053.1475,-2054.2678,-2057.409,
5,1042.0,-1663.0093,-19.737137,-1283.4934,-2053.1553,-2054.277,-2057.414,
6,1046.0,-1491.0555,-17.59243,-1195.8588,-2053.1582,-2054.2778,-2057.4197,
7,1047.0,-1603.9716,-15.165518,-1223.6912,-2053.1704,-2054.259,-2057.4116,
-8,1050.0,-1579.0063,-12.512126,-1246.8657,-2053.1501,-2054.2751,-2057.4153,
-7,1051.0,-1502.8232,-9.663842,-1163.7854,-2053.1396,-2054.2854,-2057.4128,
-6,1064.0,-1652.8525,-6.667452,-1259.4636,-2053.1663,-2054.284,-2057.4062,
-5,1065.0,-1493.6082,-3.567656,-1194.4567,-2053.1938,-2054.298,-2057.4438,
-4,1067.0,-1610.142,-0.424948,-1230.7772,-2053.1636,-2054.268,-2057.4133,
-3,1068.0,-1576.5094,2.721336,-1251.3401,-2053.1658,-2054.292,-2057.4302,
-2,1069.0,-1484.912,5.836926,-1159.0951,-2053.1433,-2054.2961,-2057.4048,
-1,1070.0,-1641.9061,8.855368,-1252.3036,-2053.1553,-2054.2605,-2057.428,
0,1071.0,-1493.236,11.736134,-1193.6279,-2053.1555,-2054.3076,-2057.4343,
1,1076.0,-1608.8615,14.423498,-1229.6425,-2053.1392,-2054.2935,-2057.4146,
2,1078.0,-1588.1948,16.887064,-1263.2032,-2053.154,-2054.2866,-2057.4207,
3,1092.0,-1499.7184,19.078556,-1172.6312,-2053.1458,-2054.2793,-2057.4182,
4,1093.0,-1652.7983,20.96579,-1269.6152,-2053.1414,-2054.2805,-2057.409,
5,1097.0,-1495.5706,22.52433,-1199.9816,-2053.1533,-2054.275,-2057.426,
6,1098.0,-1607.6423,23.714542,-1231.2153,-2053.1428,-2054.2305,-2057.4128,
7,1100.0,-1581.6675,24.52391,-1263.379,-2053.1736,-2054.2722,-2057.4238,
-8,1104.0,-1489.4841,24.954819,-1176.3425,-2053.1682,-2054.2827,-2057.4226,
-7,1105.0,-1646.9691,24.980446,-1273.4866,-2053.1604,-2054.2717,-2057.43,
-6,1125.0,-1495.4465,24.612118,-1203.1646,-2053.185,-2054.2937,-2057.4355,
-5,1127.0,-1605.2852,23.854303,-1228.8096,-2053.177,-2054.3096,-2057.44,
-4,1128.0,-1586.6647,22.720713,-1262.9996,-2053.174,-2054.2922,-2057.433,
-3,1129.0,-1501.9424,21.221176,-1178.281,-2053.1865,-2054.314,-2057.4402,
-2,1132.0,-1655.654,19.392649,-1277.3395,-2053.1792,-2054.3015,-2057.4468,
-1,1135.0,-1497.1135,17.246452,-1206.6613,-2053.1582,-2054.3015,-2057.4504,
0,1152.0,-1605.4282,14.829672,-1229.7303,-2053.1592,-2054.3115,-2057.4321,
1,1153.0,-1591.5242,12.185816,-1260.843,-2053.1677,-2054.301,-2057.4434,
2,1155.0,-1509.3274,9.338724,-1172.0641,-2053.1506,-2054.2625,-2057.4253,
3,1156.0,-1659.2804,6.341142,-1264.7528,-2053.1416,-2054.2415,-2057.4194,
4,1159.0,-1499.3682,3.241048,-1205.359,-2053.1365,-2054.2603,-2057.4192,
5,1174.0,-1600.243,0.091188,-1220.4501,-2053.131,-2054.2703,-2057.4114,
6,1175.0,-1576.1971,-3.065526,-1239.9667,-2053.1555,-2054.2817,-2057.4385,
7,1177.0,-1493.3344,-6.172474,-1154.3218,-2053.1636,-2054.278,-2057.4314,
-8,1180.0,-1650.4152,-9.189128,-1251.6393,-2053.1501,-2054.3076,-2057.424,
-7,1181.0,-1498.1893,-12.068106,-1200.3217,-2053.1426,-2054.2766,-2057.4058,
-6,1182.0,-1600.626,-14.766794,-1216.9102,-2053.1472,-2054.2664,-2057.415,
-5,1185.0,-1570.3911,-17.231552,-1226.5549,-2053.172,-2054.2712,-2057.4307,
-4,1207.0,-1479.4686,-19.423342,-1133.5052,-2053.1572,-2054.2717,-2057.433,
-3,1208.0,-1638.5118,-21.312365,-1225.6969,-2053.1646,-2054.2852,-2057.4412,
-2,1209.0,-1495.1595,-22.86256,-1190.5061,-2053.175,-2054.2888,-2057.433,
-1,1210.0,-1598.0989,-24.05307,-1211.365,-2053.164,-2054.2979,-2057.4358,
0,1211.0,-1579.4215,-24.879723,-1238.0109,-2053.1716,-2054.315,-2057.437,
1,1214.0,-1495.6298,-25.309736,-1160.7583,-2053.1475,-2054.287,-2057.4285,
2,1217.0,-1649.4706,-25.341621,-1251.4277,-2053.1519,-2054.277,-2057.4304,
3,1231.0,-1494.4137,-24.973593,-1193.3446,-2053.1526,-2054.2603,-2057.4006,
4,1233.0,-1594.3447,-24.214586,-1204.4901,-2053.1458,-2054.2734,-2057.4092,
5,1234.0,-1569.4137,-23.081291,-1223.3678,-2053.1423,-2054.2656,-2057.4075,
6,1235.0,-1479.6648,-21.58861,-1136.9418,-2053.1396,-2054.2598,-2057.4092,
7,1236.0,-1641.8892,-19.756804,-1235.106,-2053.1238,-2054.2515,-2057.3835,
-8,1259.0,-1491.0162,-17.61478,-1187.5309,-2053.1296,-2054.2832,-2057.4116,
-7,1261.0,-1594.3247,-15.197702,-1200.2528,-2053.154,-2054.2703,-2057.436,
-6,1263.0,-1578.4202,-12.549674,-1228.5095,-2053.178,-2054.2961,-2057.4326,
-5,1264.0,-1490.1177,-9.701092,-1148.0566,-2053.1736,-2054.2961,-2057.4387,
-4,1267.0,-1642.7074,-6.70798,-1235.7827,-2053.1802,-2054.274,-2057.4412,
-3,1268.0,-1489.696,-3.615336,-1184.2374,-2053.179,-2054.286,-2057.4211,
-2,1271.0,-1587.4764,-0.470244,-1191.7,-2053.1667,-2054.2786,-2057.4248,
-1,1283.0,-1561.2744,2.677828,-1212.7942,-2053.1726,-2054.2969,-2057.4248,
0,1284.0,-1469.8185,5.796398,-1133.8102,-2053.167,-2054.271,-2057.425,
1,1285.0,-1626.4929,8.821992,-1221.9552,-2053.132,-2054.2678,-2057.409,
2,1286.0,-1484.7892,11.703652,-1177.1283,-2053.129,-2054.2764,-2057.4038,
3,1308.0,-1583.0425,14.392506,-1188.6191,-2053.1194,-2054.2524,-2057.388,
4,1310.0,-1559.4104,16.85935,-1214.3202,-2053.133,-2054.2473,-2057.3938,
5,1311.0,-1469.7556,19.056503,-1136.7509,-2053.1145,-2054.24,-2057.386,
6,1312.0,-1627.5741,20.947313,-1223.6348,-2053.1418,-2054.2698,-2057.4087,
7,1313.0,-1479.9553,22.499893,-1172.2122,-2053.1216,-2054.2605,-2057.39,
-8,1316.0,-1573.5503,23.697556,-1178.6925,-2053.1096,-2054.2285,-2057.3894,
-7,1318.0,-1555.2644,24.516758,-1214.0181,-2053.116,-2054.2617,-2057.4062,
-6,1319.0,-1470.3988,24.949453,-1147.9998,-2053.1067,-2054.2612,-2057.3687,
-5,1333.0,-1624.9636,24.980148,-1234.283,-2053.1338,-2054.2654,-2057.4155,
-4,1334.0,-1475.8107,24.618078,-1173.3041,-2053.1475,-2054.2913,-2057.4187,
-3,1335.0,-1573.808,23.865927,-1181.0983,-2053.1472,-2054.2942,-2057.4277,
-2,1336.0,-1558.52,22.740679,-1222.55,-2053.1553,-2054.2722,-2057.43,
-1,1360.0,-1459.9717,21.247698,-1148.4476,-2053.1687,-2054.2969,-2057.4495,
0,1362.0,-1611.8066,19.41321,-1233.2667,-2053.163,-2054.2935,-2057.441,
1,1363.0,-1471.0361,17.274761,-1171.1636,-2053.1492,-2054.2632,-2057.4275,
2,1364.0,-1572.4261,14.86722,-1180.4221,-2053.1372,-2054.2532,-2057.4028,
3,1365.0,-1575.4062,12.223662,-1228.2201,-2053.139,-2054.2698,-2057.4287,
4,1366.0,-1484.2867,9.365842,-1145.3323,-2053.152,-2054.2732,-2057.4185,
5,1367.0,-1628.2633,6.367962,-1216.7969,-2053.144,-2054.2793,-2057.42,
6,1373.0,-1471.4531,3.27055,-1166.5979,-2053.1616,-2054.2905,-2057.4424,
7,1374.0,-1571.3,0.121286,-1178.885,-2053.1536,-2054.2834,-2057.4333,
-8,1375.0,-1573.133,-3.029468,-1227.539,-2053.129,-2054.28,-2057.4146,
-7,1376.0,-1482.0562,-6.148038,-1151.0015,-2053.13,-2054.2788,-2057.417,
-6,1391.0,-1626.037,-9.1655855,-1222.1094,-2053.1255,-2054.2842,-2057.4226,
-5,1394.0,-1471.1091,-12.044564,-1167.1653,-2053.161,-2054.2942,-2057.4336,
-4,1395.0,-1562.887,-14.734908,-1169.423,-2053.1445,-2054.2866,-2057.4167,
-3,1399.0,-1563.3787,-17.204136,-1209.7148,-2053.1694,-2054.3127,-2057.447,
-2,1402.0,-1484.5898,-19.400991,-1142.5603,-2053.1685,-2054.2935,-2057.4336,
-1,1417.0,-1632.7382,-21.286736,-1219.4109,-2053.14,-2054.2776,-2057.4016,
0,1418.0,-1471.0487,-22.83872,-1165.9357,-2053.1377,-2054.3005,-2057.4114,
1,1419.0,-1572.7435,-24.03817,-1175.3215,-2053.1194,-2054.2717,-2057.4102,
2,1420.0,-1593.1891,-24.855583,-1238.2168,-2053.1433,-2054.2583,-2057.4119,
3,1421.0,-1519.2242,-25.296028,-1178.6443,-2053.141,-2054.275,-2057.4268,
4,1422.0,-1655.6108,-25.332384,-1253.2432,-2053.1326,-2054.2856,-2057.4238,
5,1423.0,-1477.1904,-24.971804,-1176.7642,-2053.1484,-2054.3008,-2057.4304,
6,1424.0,-1574.6174,-24.219652,-1177.278,-2053.119,-2054.2773,-2057.4238,
7,1445.0,-1574.6222,-23.092318,-1222.1334,-2053.116,-2054.2686,-2057.398,
-8,1447.0,-1489.9448,-21.607681,-1154.0607,-2053.116,-2054.2612,-2057.4028,
-7,1448.0,-1642.2753,-19.78571,-1241.8518,-2053.124,-2054.265,-2057.4058,
-6,1449.0,-1477.9238,-17.6565,-1175.1049,-2053.1602,-2054.2893,-2057.4285,
-5,1450.0,-1578.9944,-15.237038,-1180.876,-2053.1284,-2054.2856,-2057.411,
-4,1451.0,-1588.8192,-12.584838,-1242.8292,-2053.1416,-2054.31,-2057.4326,
-3,1452.0,-1505.363,-9.735958,-1186.3019,-2053.1475,-2054.2847,-2057.4248,
-2,1458.0,-1646.4482,-6.739866,-1270.2866,-2053.136,-2054.275,-2057.4233,
-1,1459.0,-1482.0231,-3.639176,-1186.9751,-2053.1384,-2054.278,-2057.4065,
0,1460.0,-1581.7533,-0.4917,-1193.998,-2053.1372,-2054.243,-2057.4119,
1,1461.0,-1581.3226,2.66561,-1248.6969,-2053.137,-2054.2612,-2057.4065,
2,1477.0,-1489.4517,5.777326,-1179.1664,-2053.133,-2054.2654,-2057.3923,
3,1480.0,-1638.0616,8.794278,-1262.7446,-2053.1272,-2054.245,-2057.4062,
4,1482.0,-1483.39,11.682494,-1188.658,-2053.1384,-2054.2722,-2057.4033,
5,1483.0,-1582.4053,14.36956,-1196.0963,-2053.1284,-2054.2546,-2057.3975,
6,1486.0,-1586.5181,16.83253,-1246.9998,-2053.1528,-2054.2925,-2057.4155,
7,1489.0,-1501.7263,19.026405,-1173.1971,-2053.1587,-2054.2678,-2057.4155,
-8,1502.0,-1647.8018,20.924665,-1254.8812,-2053.1453,-2054.2676,-2057.406,
-7,1503.0,-1486.7926,22.482014,-1190.779,-2053.1565,-2054.2666,-2057.4143,
-6,1504.0,-1583.8851,23.68504,-1198.7163,-2053.1548,-2054.2712,-2057.4316,
-5,1505.0,-1586.4817,24.514671,-1251.5437,-2053.1406,-2054.302,-2057.402,
-4,1530.0,-1504.9727,24.946474,-1184.2275,-2053.1387,-2054.2942,-2057.397,
-3,1532.0,-1653.6589,25.000114,-1271.8837,-2053.1401,-2054.2925,-2057.4087,
-2,1533.0,-1489.8885,24.641024,-1197.7699,-2053.1453,-2054.2676,-2057.4192,
-1,1534.0,-1587.3137,23.888872,-1203.0531,-2053.1245,-2054.2627,-2057.3975,
0,1535.0,-1589.051,22.770477,-1252.3402,-2053.132,-2054.2708,-2057.4197,
1,1536.0,-1498.2257,21.288525,-1172.5444,-2053.138,-2054.2625,-2057.413,
2,1539.0,-1647.7925,19.46089,-1253.3811,-2053.1467,-2054.2644,-2057.406,
3,1542.0,-1492.4219,17.311714,-1195.416,-2053.1272,-2054.2434,-2057.3953,
4,1543.0,-1593.4829,14.896126,-1208.8162,-2053.132,-2054.2644,-2057.3975,
5,1544.0,-1592.9641,12.254058,-1255.547,-2053.1372,-2054.2686,-2057.4019,
6,1545.0,-1496.5104,9.406966,-1170.9397,-2053.1226,-2054.2573,-2057.395,
7,1552.0,-1644.6578,6.404914,-1252.4738,-2053.1472,-2054.283,-2057.4302,
-8,1553.0,-1494.7957,3.305118,-1198.1781,-2053.1497,-2054.2966,-2057.4304,
-7,1554.0,-1590.5034,0.157344,-1206.722,-2053.1484,-2054.2827,-2057.4314,
-6,1578.0,-1587.5474,-2.998774,-1250.9495,-2053.1646,-2054.305,-2057.4263,
-5,1580.0,-1494.1228,-6.106318,-1167.7389,-2053.1467,-2054.2793,-2057.4226,
-4,1581.0,-1646.8514,-9.119992,-1252.8265,-2053.135,-2054.2659,-2057.4016,
-3,1582.0,-1496.1415,-12.000758,-1199.6711,-2053.1487,-2054.287,-2057.4155,
-2,1584.0,-1591.3102,-14.69289,-1208.1785,-2053.1306,-2054.2603,-2057.4207,
-1,1585.0,-1589.4261,-17.165396,-1253.6696,-2053.112,-2054.2686,-2057.393,
0,1586.0,-1503.1061,-19.35957,-1179.2607,-2053.1267,-2054.2825,-2057.4153,
1,1587.0,-1655.6487,-21.25336,-1266.8767,-2053.1426,-2054.276,-2057.4353,
2,1595.0,-1498.3074,-22.815178,-1204.7145,-2053.1335,-2054.2834,-2057.4045,
3,1596.0,-1596.4188,-24.024164,-1217.0334,-2053.1353,-2054.2698,-2057.4058,
4,1597.0,-1597.468,-24.858267,-1266.9648,-2053.1418,-2054.2776,-2057.4182,
5,1598.0,-1498.375,-25.301094,-1179.0527,-2053.1548,-2054.2817,-2057.43,
6,1611.0,-1647.4567,-25.341324,-1260.7158,-2053.1548,-2054.2993,-2057.438,
7,1623.0,-1500.2461,-24.989683,-1206.9736,-2053.1616,-2054.3005,-2057.428,
-8,1625.0,-1598.736,-24.238129,-1219.5543,-2053.15,-2054.2788,-2057.4321,
-7,1627.0,-1609.6232,-23.112284,-1281.3335,-2053.1465,-2054.2708,-2057.4253,
-6,1636.0,-1515.8232,-21.630926,-1195.4789,-2053.132,-2054.2659,-2057.4138,
-5,1639.0,-1666.014,-19.801504,-1282.707,-2053.1375,-2054.2683,-2057.4133,
-4,1640.0,-1505.0696,-17.666334,-1215.8099,-2053.1282,-2054.2754,-2057.402,
-3,1641.0,-1596.8663,-15.2534275,-1218.2848,-2053.1074,-2054.2588,-2057.3962,
-2,1657.0,-1588.2223,-12.607486,-1257.3248,-2053.161,-2054.2793,-2057.4233,
-1,1658.0,-1486.4678,-9.76248,-1168.2032,-2053.1545,-2054.2708,-2057.4187,
0,1660.0,-1641.0369,-6.769368,-1250.1675,-2053.1296,-2054.288,-2057.4185,
1,1661.0,-1504.0647,-3.679108,-1209.374,-2053.1606,-2054.2952,-2057.4326,
2,1665.0,-1592.922,-0.539082,-1214.5979,-2053.156,-2054.256,-2057.4238,
3,1680.0,-1584.2585,2.60452,-1253.4467,-2053.1729,-2054.2988,-2057.4414,
4,1683.0,-1484.9989,5.718024,-1168.4932,-2053.192,-2054.3218,-2057.4597,
5,1684.0,-1641.7294,8.743022,-1256.3674,-2053.1794,-2054.3203,-2057.451,
6,1685.0,-1502.6855,11.634516,-1211.0356,-2053.1938,-2054.318,-2057.4639,
7,1686.0,-1594.6603,14.32784,-1219.8949,-2053.1482,-2054.2866,-2057.4285,
-8,1687.0,-1589.8574,16.794981,-1264.6849,-2053.162,-2054.274,-2057.4165,
-7,1692.0,-1490.8145,19.001673,-1175.9366,-2053.1343,-2054.2832,-2057.423,
-6,1693.0,-1644.4773,20.903807,-1257.754,-2053.1304,-2054.2683,-2057.4075,
-5,1694.0,-1502.271,22.463537,-1211.2094,-2053.1523,-2054.276,-2057.4114,
-4,1713.0,-1589.22,23.67312,-1212.1272,-2053.1755,-2054.2922,-2057.4336,
-3,1715.0,-1592.001,24.505434,-1258.5125,-2053.162,-2054.2898,-2057.4316,
-2,1718.0,-1497.875,24.95005,-1173.5931,-2053.1406,-2054.2778,-2057.4102,
-1,1719.0,-1647.462,24.999517,-1252.7747,-2053.1401,-2054.2278,-2057.403,
0,1720.0,-1502.9258,24.643705,-1211.2222,-2053.1565,-2054.2773,-2057.4192,
1,1721.0,-1592.8016,23.902878,-1213.7983,-2053.129,-2054.287,-2057.4214,
2,1722.0,-1597.3622,22.781801,-1258.8351,-2053.1636,-2054.3086,-2057.4358,
3,1723.0,-1512.9049,21.294783,-1184.6605,-2053.1497,-2054.2761,-2057.4207,
4,1725.0,-1662.0962,19.468042,-1269.1486,-2053.1443,-2054.3042,-2057.4114,
5,1726.0,-1505.2906,17.332275,-1214.0901,-2053.172,-2054.2812,-2057.4326,
6,1727.0,-1597.0925,14.93129,-1217.9633,-2053.1616,-2054.277,-2057.4272,
7,1728.0,-1597.1107,12.285348,-1263.7617,-2053.1694,-2054.2983,-2057.4312,
-8,1729.0,-1495.5723,9.438852,-1175.1675,-2053.1577,-2054.2778,-2057.421,
-7,1733.0,-1640.4391,6.4335217,-1241.5055,-2053.1592,-2054.273,-2057.4304,
-6,1734.0,-1504.9128,3.335812,-1208.53,-2053.1897,-2054.3245,-2057.4468,
-5,1735.0,-1592.1383,0.191912,-1212.3108,-2053.1755,-2054.3152,-2057.4592,
-4,1736.0,-1598.7491,-2.963908,-1263.2268,-2053.1768,-2054.3245,-2057.4434,
-3,1737.0,-1498.6295,-6.080988,-1177.2352,-2053.183,-2054.3271,-2057.4565,
-2,1738.0,-1648.6621,-9.095258,-1253.3939,-2053.1792,-2054.3186,-2057.4548,
-1,1739.0,-1506.12,-11.9861555,-1212.4318,-2053.1912,-2054.3264,-2057.4524,
0,1742.0,-1591.0491,-14.683056,-1210.7439,-2053.1548,-2054.2947,-2057.437,
1,1743.0,-1595.8221,-17.154072,-1256.2914,-2053.1492,-2054.3042,-2057.4268,
2,1744.0,-1498.5863,-19.35063,-1175.2994,-2053.17,-2054.302,-2057.4373,
3,1759.0,-1649.6913,-21.24591,-1257.6875,-2053.15,-2054.282,-2057.4258,
4,1761.0,-1506.4696,-22.80743,-1215.0557,-2053.139,-2054.2778,-2057.4219,
5,1762.0,-1589.1979,-24.013735,-1210.0454,-2053.1484,-2054.3044,-2057.4285,
6,1763.0,-1594.0667,-24.84724,-1258.4355,-2053.16,-2054.278,-2057.4248,
7,1780.0,-1491.9617,-25.290665,-1172.0364,-2053.1553,-2054.2773,-2057.4326,
-8,1783.0,-1645.0857,-25.34043,-1251.5168,-2053.1628,-2054.2957,-2057.4348,
-7,1784.0,-1505.7803,-24.99475,-1212.3883,-2053.1877,-2054.3264,-2057.4448,
-6,1785.0,-1585.0829,-24.250645,-1203.3723,-2053.1836,-2054.3184,-2057.4478,
-5,1788.0,-1583.0192,-23.129568,-1244.7153,-2053.1748,-2054.3164,-2057.4375,
-4,1816.0,-1482.8641,-21.652382,-1163.7203,-2053.1807,-2054.313,-2057.4531,
-3,1817.0,-1638.4279,-19.838455,-1247.0785,-2053.1885,-2054.3306,-2057.4631,
-2,1853.0,-1503.3,-17.702988,-1210.3068,-2053.2014,-2054.3213,-2057.4587,
-1,1861.0,-1587.7511,-15.293062,-1204.6191,-2053.177,-2054.303,-2057.4436,
0,1867.0,-1596.4811,-12.650994,-1252.5172,-2053.1885,-2054.3176,-2057.437,
1,1872.0,-1495.2126,-9.803604,-1170.1581,-2053.1758,-2054.3152,-2057.4417,
2,1873.0,-1644.8778,-6.813472,-1246.8674,-2053.1655,-2054.309,-2057.4517,
3,1874.0,-1503.3447,-3.721722,-1208.8048,-2053.166,-2054.3337,-2057.4543,
4,1876.0,-1584.3826,-0.57365,-1200.9805,-2053.1765,-2054.309,-2057.4421,
5,1878.0,-1592.618,2.578892,-1249.4839,-2053.1833,-2054.3276,-2057.4583,
6,1879.0,-1494.9429,5.698058,-1171.5074,-2053.1711,-2054.3135,-2057.4487,
7,1890.0,-1642.379,8.7314,-1242.9049,-2053.167,-2054.3,-2057.4429,
-8,1891.0,-1502.9446,11.613954,-1206.6085,-2053.1653,-2054.3086,-2057.4482,
-7,1892.0,-1580.8677,14.305788,-1197.0249,-2053.1682,-2054.3276,-2057.448,
-6,1894.0,-1592.0945,16.77442,-1248.8268,-2053.1846,-2054.3337,-2057.4587,
-5,1896.0,-1487.6523,18.97813,-1162.6517,-2053.1697,-2054.3325,-2057.456,
-4,1915.0,-1636.8115,20.87788,-1235.201,-2053.162,-2054.3157,-2057.447,
-3,1919.0,-1502.1163,22.44983,-1204.8584,-2053.1682,-2054.316,-2057.4417,
-2,1920.0,-1577.8242,23.657623,-1192.4834,-2053.172,-2054.3071,-2057.445,
-1,1921.0,-1595.3544,24.496197,-1251.4331,-2053.1658,-2054.3035,-2057.4478,
0,1924.0,-1499.5804,24.944685,-1175.5277,-2053.162,-2054.2937,-2057.4275,
1,1927.0,-1646.1031,24.993557,-1246.0953,-2053.1528,-2054.3003,-2057.4355,
2,1950.0,-1503.0232,24.643705,-1205.6481,-2053.1492,-2054.3113,-2057.4045,
3,1953.0,-1579.2834,23.914202,-1191.7852,-2053.1443,-2054.2996,-2057.4143,
4,1954.0,-1592.8329,22.796701,-1245.0363,-2053.1475,-2054.2827,-2057.4172,
5,1955.0,-1493.9696,21.317728,-1168.1334,-2053.1418,-2054.2942,-2057.4177,
6,1956.0,-1642.3387,19.49814,-1244.5363,-2053.1396,-2054.2747,-2057.4219,
7,1957.0,-1502.9072,17.372505,-1206.1279,-2053.1372,-2054.28,-2057.4124,
-8,1962.0,-1574.2297,14.970924,-1187.865,-2053.1343,-2054.2812,-2057.4177,
-7,1964.0,-1579.6128,12.33422,-1234.3262,-2053.175,-2054.2947,-2057.4368,
-6,1966.0,-1483.0471,9.483552,-1158.6261,-2053.1663,-2054.2922,-2057.4321,
-5,1982.0,-1633.6387,6.486864,-1231.1718,-2053.1562,-2054.2803,-2057.4265,
-4,1986.0,-1500.2083,3.386174,-1200.4623,-2053.1843,-2054.3176,-2057.4524,
-3,1987.0,-1576.0353,0.2384,-1186.4685,-2053.1616,-2054.298,-2057.4304,
-2,1988.0,-1594.1566,-2.922784,-1243.4816,-2053.151,-2054.2922,-2057.4456,
-1,1989.0,-1489.058,-6.0359898,-1161.5754,-2053.1755,-2054.3086,-2057.4424,
0,1992.0,-1633.7695,-9.057412,-1233.8258,-2053.1519,-2054.2754,-2057.4167,
1,1993.0,-1500.2258,-11.9492035,-1202.2723,-2053.1807,-2054.2847,-2057.4414,
2,2018.0,-1572.4191,-14.6413355,-1186.0901,-2053.1567,-2054.2751,-2057.4463,
3,2019.0,-1591.3951,-17.118013,-1249.4731,-2053.1636,-2054.2996,-2057.4312,
4,2021.0,-1488.7615,-19.323511,-1172.4387,-2053.1748,-2054.308,-2057.4421,
5,2022.0,-1636.6035,-21.222666,-1246.0033,-2053.151,-2054.2861,-2057.4236,
6,2027.0,-1500.2083,-22.793425,-1204.9802,-2053.1619,-2054.2969,-2057.4185,
7,2028.0,-1574.9905,-24.004496,-1188.3945,-2053.123,-2054.2534,-2057.4111,
-8,2050.0,-1591.983,-24.843962,-1248.7997,-2053.1238,-2054.253,-2057.3992,
-7,2053.0,-1483.1836,-25.291857,-1166.3613,-2053.1514,-2054.2893,-2057.415,
-6,2055.0,-1637.0446,-25.346687,-1246.1313,-2053.1316,-2054.2747,-2057.4019,
-5,2056.0,-1499.2788,-25.00071,-1204.8212,-2053.1318,-2054.2627,-2057.3984,
-4,2061.0,-1566.6066,-24.263458,-1183.5719,-2053.1272,-2054.2588,-2057.3962,
-3,2064.0,-1583.4161,-23.14864,-1244.1157,-2053.1318,-2054.252,-2057.388,
-2,2065.0,-1485.6027,-21.670858,-1169.7996,-2053.1335,-2054.2517,-2057.3984,
-1,2066.0,-1632.2297,-19.846205,-1239.1758,-2053.1187,-2054.2532,-2057.3813,
0,2068.0,-1497.9521,-17.721167,-1202.335,-2053.1484,-2054.2708,-2057.4092,
1,2076.0,-1568.3352,-15.318392,-1184.9028,-2053.1338,-2054.2793,-2057.411,
2,2077.0,-1587.0985,-12.676324,-1243.7915,-2053.152,-2054.29,-2057.4236,
3,2078.0,-1482.5911,-9.831914,-1163.1783,-2053.1167,-2054.261,-2057.3906,
4,2079.0,-1631.0509,-6.845656,-1234.8286,-2053.1006,-2054.2354,-2057.3777,
5,2080.0,-1497.1365,-3.7491379,-1201.4806,-2053.1245,-2054.2605,-2057.3813,
6,2081.0,-1565.7129,-0.597192,-1182.5403,-2053.1147,-2054.255,-2057.3843,
7,2082.0,-1588.5558,2.550284,-1245.9094,-2053.1533,-2054.3037,-2057.4177,
-8,2102.0,-1497.7933,5.667662,-1177.9014,-2053.1614,-2054.2966,-2057.4326,
-7,2104.0,-1641.9484,8.695342,-1246.4636,-2053.171,-2054.3167,-2057.4438,
-6,2105.0,-1498.2162,11.582664,-1203.6976,-2053.1797,-2054.3237,-2057.4385,
-5,2106.0,-1569.0686,14.275392,-1186.6112,-2053.174,-2054.275,-2057.4395,
-4,2107.0,-1587.2786,16.74909,-1242.1566,-2053.1785,-2054.286,-2057.4292,
-3,2108.0,-1480.3379,18.953396,-1158.7644,-2053.1846,-2054.309,-2057.4438,
-2,2111.0,-1626.1583,20.858212,-1226.7694,-2053.1953,-2054.301,-2057.4614,
-1,2112.0,-1496.8671,22.433739,-1199.1923,-2053.1714,-2054.292,-2057.4226,
0,2115.0,-1566.3237,23.639744,-1185.4977,-2053.1738,-2054.3005,-2057.4412,
1,2116.0,-1594.7976,24.486958,-1255.8092,-2053.1804,-2054.309,-2057.452,
2,2117.0,-1495.1924,24.937832,-1181.2246,-2053.1848,-2054.3198,-2057.4597,
3,2118.0,-1635.0831,24.99475,-1243.9265,-2053.1875,-2054.3225,-2057.452,
4,2126.0,-1498.7028,24.654434,-1205.2297,-2053.175,-2054.3035,-2057.4514,
5,2127.0,-1569.0802,23.922546,-1187.7043,-2053.1765,-2054.3179,-2057.441,
6,2129.0,-1600.3053,22.807133,-1257.656,-2053.173,-2054.31,-2057.438,
7,2154.0,-1504.746,21.336502,-1185.5912,-2053.151,-2054.2874,-2057.413,
-8,2156.0,-1644.6483,19.523172,-1249.7914,-2053.1545,-2054.2961,-2057.4385,
-7,2158.0,-1502.0863,17.392471,-1209.4386,-2053.175,-2054.3113,-2057.449,
-6,2159.0,-1570.1891,14.992082,-1188.9413,-2053.1482,-2054.3218,-2057.4363,
-5,2160.0,-1594.2753,12.357762,-1250.9722,-2053.1523,-2054.3018,-2057.4233,
-4,2161.0,-1488.4763,9.515438,-1167.1063,-2053.1335,-2054.2603,-2057.4146,
-3,2162.0,-1632.1084,6.52024,-1234.4095,-2053.1123,-2054.294,-2057.4114,
-2,2163.0,-1502.3297,3.427,-1206.9629,-2053.119,-2054.2764,-2057.4072,
-1,2165.0,-1567.6588,0.284292,-1186.9203,-2053.1243,-2054.26,-2057.401,
0,2166.0,-1590.418,-2.87123,-1252.4901,-2053.1091,-2054.2583,-2057.383,
1,2170.0,-1488.999,-5.983542,-1176.085,-2053.105,-2054.2515,-2057.3806,
2,2175.0,-1636.607,-9.006752,-1246.7828,-2053.1365,-2054.259,-2057.4011,
3,2177.0,-1502.842,-11.892882,-1210.8828,-2053.1455,-2054.2812,-2057.4233,
4,2178.0,-1575.0498,-14.599914,-1196.8837,-2053.1335,-2054.2632,-2057.421,
5,2179.0,-1608.2175,-17.080465,-1269.7372,-2053.132,-2054.2825,-2057.4158,
6,2180.0,-1507.0066,-19.285666,-1192.7686,-2053.1445,-2054.2808,-2057.4236,
7,2183.0,-1648.3727,-21.188097,-1259.722,-2053.1133,-2054.2598,-2057.3965,
-8,2185.0,-1506.5881,-22.768393,-1216.5734,-2053.1406,-2054.2905,-2057.417,
-7,2212.0,-1572.3792,-23.981253,-1192.2891,-2053.1428,-2054.2852,-2057.4275,
-6,2227.0,-1595.396,-24.82489,-1251.3661,-2053.1284,-2054.278,-2057.4119,
-5,2232.0,-1488.9978,-25.287386,-1168.2384,-2053.1562,-2054.301,-2057.4426,
-4,2233.0,-1632.7068,-25.348774,-1233.3815,-2053.1357,-2054.2668,-2057.4226,
-3,2234.0,-1506.769,-25.004583,-1212.0503,-2053.1465,-2054.2798,-2057.403,
-2,2248.0,-1576.4769,-24.269716,-1196.8351,-2053.1238,-2054.2908,-2057.4023,
-1,2249.0,-1607.3658,-23.168606,-1264.0695,-2053.148,-2054.2893,-2057.4182,
0,2251.0,-1504.9166,-21.696783,-1181.0336,-2053.152,-2054.2893,-2057.4294,
1,2252.0,-1644.2817,-19.875408,-1240.1887,-2053.1282,-2054.2732,-2057.399,
2,2273.0,-1510.2238,-17.75484,-1215.1674,-2053.1519,-2054.2766,-2057.4287,
3,2275.0,-1575.2554,-15.353556,-1192.8368,-2053.1465,-2054.2766,-2057.4277,
4,2276.0,-1600.5476,-12.712084,-1255.4049,-2053.1445,-2054.2705,-2057.41,
5,2277.0,-1489.4136,-9.876614,-1170.6066,-2053.155,-2054.259,-2057.4155,
6,2278.0,-1634.9639,-6.888568,-1236.3751,-2053.1572,-2054.2747,-2057.414,
7,2279.0,-1510.7142,-3.798606,-1214.2588,-2053.1628,-2054.2852,-2057.4421,
-8,2281.0,-1574.4589,-0.64964,-1195.3381,-2053.133,-2054.2534,-2057.398,
-7,2282.0,-1605.8145,2.502604,-1267.1222,-2053.1458,-2054.257,-2057.4016,
-6,2283.0,-1500.6052,5.619982,-1187.3864,-2053.1416,-2054.268,-2057.411,
-5,2284.0,-1639.4309,8.648854,-1245.0011,-2053.1455,-2054.2651,-2057.4192,
-4,2297.0,-1512.9775,11.540348,-1218.4419,-2053.1497,-2054.274,-2057.414,
-3,2321.0,-1571.7072,14.241718,-1190.487,-2053.144,-2054.2466,-2057.3984,
-2,2323.0,-1595.8019,16.718992,-1252.3512,-2053.15,-2054.2622,-2057.4062,
-1,2324.0,-1491.6635,18.925682,-1174.902,-2053.1392,-2054.2766,-2057.407,
0,2325.0,-1637.9581,20.83318,-1242.9559,-2053.1443,-2054.2754,-2057.4028,
1,2326.0,-1513.2786,22.416454,-1219.3842,-2053.1306,-2054.2454,-2057.386,
2,2330.0,-1573.4335,23.635273,-1192.7319,-2053.117,-2054.2314,-2057.3926,
3,2333.0,-1605.0444,24.48368,-1262.0669,-2053.13,-2054.2644,-2057.4045,
4,2334.0,-1505.4325,24.936045,-1190.2123,-2053.114,-2054.2556,-2057.3882,
5,2346.0,-1645.6826,24.99922,-1255.0524,-2053.1292,-2054.2524,-2057.4033,
6,2347.0,-1516.0312,24.662779,-1225.6654,-2053.1448,-2054.2412,-2057.4082,
7,2348.0,-1572.1562,23.934168,-1194.3634,-2053.099,-2054.22,-2057.3828,
-8,2373.0,-1594.7166,22.83276,-1255.2773,-2053.1123,-2054.256,-2057.3867,
-7,2375.0,-1491.8556,21.361237,-1177.6063,-2053.135,-2054.2427,-2057.4004,
-6,2376.0,-1637.2799,19.552078,-1243.7816,-2053.1118,-2054.2588,-2057.3948,
-5,2377.0,-1515.4147,17.431509,-1222.5283,-2053.113,-2054.2502,-2057.3923,
-4,2380.0,-1576.2985,15.037676,-1197.7871,-2053.1245,-2054.2622,-2057.4011,
-3,2381.0,-1602.9182,12.403654,-1261.7579,-2053.113,-2054.2578,-2057.3928,
-2,2384.0,-1488.7892,9.562224,-1174.2273,-2053.1028,-2054.2412,-2057.3699,
-1,2385.0,-1633.127,6.570304,-1239.6418,-2053.1108,-2054.2537,-2057.3801,
0,2386.0,-1515.5332,3.469614,-1223.4261,-2053.14,-2054.2722,-2057.4128,
1,2396.0,-1572.9185,0.322138,-1194.8143,-2053.1277,-2054.2615,-2057.4006,
2,2397.0,-1604.4471,-2.836066,-1263.9697,-2053.114,-2054.234,-2057.3965,
3,2397.0,-1499.0565,-5.9451,-1182.7617,-2053.1235,-2054.267,-2057.4143,
4,2424.0,-1637.5663,-8.965926,-1236.6526,-2053.1147,-2054.269,-2057.4006,
5,2426.0,-1516.9746,-11.860102,-1221.0416,-2053.1223,-2054.2632,-2057.397,
6,2427.0,-1573.6453,-14.56475,-1195.377,-2053.13,-2054.284,-2057.3936,
7,2428.0,-1597.0979,-17.040236,-1251.4194,-2053.115,-2054.2551,-2057.3906,
-8,2429.0,-1482.3801,-19.252588,-1162.6035,-2053.1257,-2054.2627,-2057.3975,
-7,2430.0,-1628.4401,-21.165152,-1227.4054,-2053.1143,-2054.2463,-2057.3884,
-6,2434.0,-1515.1798,-22.745745,-1218.8486,-2053.128,-2054.2598,-2057.4065,
-5,2437.0,-1569.7975,-23.97112,-1189.8794,-2053.1265,-2054.2507,-2057.394,
-4,2438.0,-1604.3826,-24.818632,-1260.8105,-2053.1414,-2054.2576,-2057.403,
-3,2439.0,-1495.608,-25.280233,-1179.2274,-2053.137,-2054.2563,-2057.4153,
-2,2440.0,-1639.1049,-25.344006,-1240.4226,-2053.1277,-2054.2585,-2057.4072,
-1,2448.0,-1516.6791,-25.014715,-1223.3964,-2053.1309,-2054.2705,-2057.4124,
0,2449.0,-1568.7194,-24.285212,-1188.3936,-2053.1208,-2054.251,-2057.4033,
1,2450.0,-1591.4067,-23.178738,-1243.9587,-2053.1348,-2054.2644,-2057.4119,
2,2451.0,-1480.3582,-21.707214,-1159.5541,-2053.1353,-2054.264,-2057.422,
3,2474.0,-1629.6127,-19.905506,-1225.1874,-2053.14,-2054.2856,-2057.4194,
4,2475.0,-1513.8,-17.785236,-1214.8832,-2053.1404,-2054.2888,-2057.4177,
5,2477.0,-1570.6835,-15.3756075,-1187.8921,-2053.1565,-2054.2786,-2057.433,
6,2478.0,-1604.0005,-12.74248,-1251.6638,-2053.1804,-2054.2656,-2057.4363,
7,2480.0,-1490.115,-9.906414,-1163.3845,-2053.158,-2054.2844,-2057.428,
-8,2484.0,-1628.3015,-6.92403,-1216.6067,-2053.1514,-2054.2517,-2057.4246,
-7,2497.0,-1514.0831,-3.82632,-1211.3259,-2053.1519,-2054.2744,-2057.4336,
-6,2498.0,-1565.2584,-0.68093,-1182.0265,-2053.1418,-2054.2815,-2057.4343,
-5,2499.0,-1596.5154,2.4641619,-1246.5966,-2053.1401,-2054.2683,-2057.424,
-4,2524.0,-1485.6039,5.589884,-1164.6832,-2053.1284,-2054.2612,-2057.3962,
-3,2526.0,-1627.2668,8.617266,-1225.6174,-2053.1304,-2054.257,-2057.4087,
-2,2527.0,-1513.3876,11.508462,-1215.9905,-2053.135,-2054.2686,-2057.4082,
-1,2528.0,-1559.2766,14.211322,-1174.5485,-2053.1284,-2054.2488,-2057.4019,
0,2529.0,-1593.0529,16.689192,-1238.8745,-2053.144,-2054.3018,-2057.4275,
1,2533.0,-1486.5143,18.905418,-1161.0166,-2053.143,-2054.2693,-2057.4138,
2,2535.0,-1628.6022,20.820366,-1217.0591,-2053.1387,-2054.276,-2057.4194,
3,2538.0,-1512.5509,22.397978,-1211.6156,-2053.1533,-2054.2625,-2057.4055,
4,2539.0,-1562.802,23.61948,-1177.1161,-2053.1282,-2054.2708,-2057.4292,
5,2540.0,-1601.6484,24.467886,-1245.6686,-2053.1484,-2054.2832,-2057.4233,
6,2541.0,-1494.7292,24.931276,-1167.1447,-2053.138,-2054.2883,-2057.4277,
7,2548.0,-1635.8025,25.003094,-1227.195,-2053.1157,-2054.2615,-2057.386,
-8,2549.0,-1513.4686,24.668737,-1212.8251,-2053.135,-2054.2695,-2057.3906,
-7,2550.0,-1558.7462,23.94281,-1171.7899,-2053.1309,-2054.2732,-2057.3928,
-6,2551.0,-1595.3188,22.841105,-1243.202,-2053.124,-2054.2766,-2057.3906,
-5,2552.0,-1487.6017,21.37554,-1167.8483,-2053.1223,-2054.2676,-2057.4246,
-4,2553.0,-1627.0216,19.571447,-1225.2449,-2053.1267,-2054.251,-2057.4153,
-3,2554.0,-1512.4207,17.448198,-1211.8588,-2053.1296,-2054.2852,-2057.4062,
-2,2575.0,-1558.7119,15.05794,-1170.8134,-2053.1292,-2054.2488,-2057.4102,
-1,2577.0,-1595.4127,12.427494,-1239.3337,-2053.122,-2054.252,-2057.4023,
0,2578.0,-1491.8345,9.597984,-1167.6611,-2053.1426,-2054.2712,-2057.417,
1,2580.0,-1631.4353,6.606362,-1224.2844,-2053.1348,-2054.26,-2057.4011,
2,2582.0,-1512.5884,3.508354,-1210.4304,-2053.1255,-2054.2612,-2057.3884,
3,2586.0,-1559.5923,0.365944,-1171.1603,-2053.1187,-2054.2454,-2057.4001,
4,2599.0,-1593.178,-2.79226,-1237.6044,-2053.1438,-2054.2534,-2057.409,
5,2600.0,-1480.6807,-5.910532,-1155.5033,-2053.1292,-2054.2466,-2057.3901,
6,2601.0,-1618.6063,-8.942086,-1206.3802,-2053.119,-2054.2695,-2057.3926,
7,2602.0,-1510.4255,-11.8332815,-1203.7388,-2053.12,-2054.2407,-2057.406,
-8,2603.0,-1555.4875,-14.533758,-1167.1271,-2053.117,-2054.2493,-2057.403,
-7,2604.0,-1593.8578,-17.019377,-1238.896,-2053.1333,-2054.2698,-2057.3928,
-6,2605.0,-1480.4941,-19.242159,-1160.893,-2053.1262,-2054.2517,-2057.3843,
-5,2626.0,-1613.6637,-21.160383,-1209.3182,-2053.1238,-2054.2288,-2057.389,
-4,2629.0,-1509.4749,-22.743658,-1204.1498,-2053.164,-2054.2725,-2057.4197,
-3,2630.0,-1557.4233,-23.963074,-1168.1326,-2053.1272,-2054.2793,-2057.388,
-2,2636.0,-1602.6139,-24.819527,-1247.6422,-2053.155,-2054.2627,-2057.416,
-1,2637.0,-1485.4868,-25.293644,-1167.2815,-2053.139,-2054.2698,-2057.4097,
0,2638.0,-1620.06,-25.361885,-1217.827,-2053.1475,-2054.294,-2057.4077,
1,2658.0,-1510.5596,-25.032894,-1207.5446,-2053.1682,-2054.2732,-2057.4219,
2,2660.0,-1549.2257,-24.315607,-1160.3611,-2053.1492,-2054.277,-2057.4248,
3,2662.0,-1582.1017,-23.20824,-1226.3466,-2053.159,-2054.2966,-2057.4019,
4,2666.0,-1469.0247,-21.74953,-1149.8882,-2053.1628,-2054.2793,-2057.41,
5,2669.0,-1608.9628,-19.937391,-1204.237,-2053.1458,-2054.2612,-2057.403,
6,2682.0,-1507.2616,-17.820995,-1202.1108,-2053.1545,-2054.2886,-2057.4207,
7,2684.0,-1548.0844,-15.426864,-1161.7351,-2053.1282,-2054.2356,-2057.402,
-8,2685.0,-1592.2477,-12.792246,-1238.822,-2053.1582,-2054.2683,-2057.4316,
-7,2710.0,-1484.1091,-9.952306,-1165.9565,-2053.1501,-2054.2625,-2057.409,
-6,2712.0,-1614.7404,-6.9583,-1213.9724,-2053.1294,-2054.2517,-2057.4153,
-5,2713.0,-1507.2452,-3.8745959,-1205.2252,-2053.1453,-2054.25,-2057.4124,
-4,2715.0,-1548.9265,-0.7301,-1162.7358,-2053.133,-2054.2446,-2057.3958,
-3,2716.0,-1603.133,2.426018,-1252.109,-2053.1333,-2054.2373,-2057.39,
-2,2717.0,-1502.9454,5.540416,-1191.0613,-2053.1235,-2054.2544,-2057.3906,
-1,2717.0,-1638.9404,8.575844,-1251.057,-2053.1143,-2054.2397,-2057.3853,
0,2721.0,-1511.937,11.468828,-1220.3967,-2053.137,-2054.2668,-2057.4019,
1,2724.0,-1550.5125,14.17735,-1166.6578,-2053.1077,-2054.2212,-2057.382,
2,2725.0,-1597.2797,16.6582,-1246.9747,-2053.116,-2054.2488,-2057.3855,
3,2734.0,-1491.093,18.878897,-1179.2373,-2053.1155,-2054.2578,-2057.397,
4,2736.0,-1625.4651,20.79742,-1233.5231,-2053.1038,-2054.2383,-2057.393,
5,2737.0,-1511.7549,22.385462,-1217.1223,-2053.11,-2054.2695,-2057.3816,
6,2766.0,-1551.3602,23.616798,-1172.0697,-2053.1162,-2054.2798,-2057.386,
7,2768.0,-1595.0411,24.472654,-1248.9314,-2053.1304,-2054.2668,-2057.4011,
-8,2770.0,-1484.7338,24.940514,-1170.8938,-2053.1094,-2054.23,-2057.3794,
-7,2771.0,-1618.0106,25.00369,-1220.9283,-2053.1357,-2054.2332,-2057.3867,
-6,2772.0,-1511.8229,24.679169,-1215.2494,-2053.148,-2054.267,-2057.405,
-5,2773.0,-1550.4451,23.956518,-1171.3662,-2053.1245,-2054.2693,-2057.3997,
-4,2774.0,-1593.3715,22.857197,-1247.6926,-2053.1348,-2054.2612,-2057.3992,
-3,2775.0,-1481.027,21.387758,-1170.0311,-2053.127,-2054.2656,-2057.4045,
-2,2778.0,-1614.2422,19.59052,-1217.5609,-2053.1604,-2054.2678,-2057.4316,
-1,2780.0,-1510.9681,17.472633,-1213.4131,-2053.1533,-2054.2642,-2057.4119,
0,2781.0,-1548.6664,15.076714,-1170.1012,-2053.137,-2054.2515,-2057.407,
1,2786.0,-1602.22,12.4415,-1253.8964,-2053.137,-2054.249,-2057.4114,
2,2788.0,-1494.0483,9.60454,-1176.8285,-2053.147,-2054.267,-2057.4114,
3,2789.0,-1622.6813,6.619772,-1222.5056,-2053.131,-2054.2612,-2057.407,
4,2792.0,-1513.6752,3.525936,-1217.827,-2053.1357,-2054.2751,-2057.3928,
5,2794.0,-1548.5999,0.377566,-1171.1036,-2053.1414,-2054.2905,-2057.4075,
6,2812.0,-1597.944,-2.778552,-1247.9275,-2053.1455,-2054.294,-2057.4062,
7,2814.0,-1492.0309,-5.89593,-1173.0627,-2053.1416,-2054.2827,-2057.3984,
-8,2815.0,-1617.8551,-8.91765,-1214.6042,-2053.1296,-2054.2947,-2057.4133,
-7,2818.0,-1514.7012,-11.812124,-1215.7628,-2053.129,-2054.288,-2057.4172,
-6,2822.0,-1549.4531,-14.5126,-1172.7028,-2053.131,-2054.2627,-2057.403,
-5,2836.0,-1605.7992,-16.99941,-1257.8527,-2053.1387,-2054.2651,-2057.4075,
-4,2838.0,-1503.573,-19.214443,-1184.7339,-2053.1323,-2054.2922,-2057.4114,
-3,2840.0,-1630.206,-21.137735,-1225.2205,-2053.1492,-2054.3123,-2057.4258,
-2,2843.0,-1518.5901,-22.720713,-1219.4214,-2053.1582,-2054.3103,-2057.4355,
-1,2863.0,-1551.6348,-23.950855,-1171.7214,-2053.1333,-2054.2683,-2057.4382,
0,2865.0,-1596.9591,-24.810585,-1241.5923,-2053.1562,-2054.309,-2057.4517,
1,2866.0,-1485.4224,-25.281128,-1159.5638,-2053.1636,-2054.3171,-2057.446,
2,2867.0,-1621.0914,-25.353245,-1211.4734,-2053.1433,-2054.305,-2057.424,
3,2870.0,-1518.9304,-25.030212,-1218.8274,-2053.12,-2054.2712,-2057.4045,
4,2873.0,-1555.9525,-24.311138,-1175.9009,-2053.1135,-2054.2505,-2057.4097,
5,2886.0,-1609.4181,-23.215391,-1254.1846,-2053.1494,-2054.2896,-2057.422,
6,2887.0,-1505.108,-21.751318,-1181.3315,-2053.1455,-2054.2908,-2057.4236,
7,2888.0,-1637.1077,-19.94663,-1231.2805,-2053.1343,-2054.2632,-2057.4143,
-8,2889.0,-1522.8295,-17.835896,-1224.9916,-2053.1365,-2054.2788,-2057.4124,
-7,2890.0,-1554.6335,-15.439082,-1173.4995,-2053.1467,-2054.3193,-2057.425,
-6,2913.0,-1607.0094,-12.802676,-1254.4054,-2053.1501,-2054.2861,-2057.4226,
-5,2916.0,-1495.0005,-9.97108,-1176.4119,-2053.15,-2054.2798,-2057.4214,
-4,2917.0,-1620.6918,-6.989292,-1214.5026,-2053.1562,-2054.2754,-2057.4177,
-3,2918.0,-1523.3057,-3.90678,-1221.7625,-2053.1838,-2054.302,-2057.4421,
-2,2919.0,-1558.5442,-0.76586,-1176.5084,-2053.1672,-2054.2808,-2057.4343,
-1,2920.0,-1614.4064,2.387278,-1260.337,-2053.1567,-2054.3008,-2057.4443,
0,2925.0,-1500.404,5.51151,-1179.6869,-2053.1453,-2054.3032,-2057.436,
1,2926.0,-1628.7163,8.53919,-1224.1959,-2053.1562,-2054.272,-2057.4307,
2,2927.0,-1526.8477,11.441412,-1225.6805,-2053.1755,-2054.301,-2057.4304,
3,2945.0,-1557.0336,14.147252,-1175.0802,-2053.16,-2054.3071,-2057.4285,
4,2948.0,-1606.085,16.631678,-1251.487,-2053.1875,-2054.3096,-2057.4514,
5,2954.0,-1497.7886,18.862507,-1177.3229,-2053.1567,-2054.2913,-2057.4363,
6,2970.0,-1633.4629,20.772388,-1229.1766,-2053.1453,-2054.29,-2057.429,
7,2972.0,-1528.9877,22.359535,-1229.6234,-2053.1821,-2054.3135,-2057.4556,
-8,2973.0,-1557.64,23.594746,-1177.3899,-2053.1663,-2054.3208,-2057.4597,
-7,3003.0,-1603.1112,24.455072,-1256.0695,-2053.1912,-2054.3179,-2057.469,
-6,3010.0,-1493.9098,24.919655,-1183.8173,-2053.1877,-2054.3074,-2057.4617,
-5,3012.0,-1629.2673,24.99624,-1231.9109,-2053.1829,-2054.3032,-2057.4683,
-4,3013.0,-1528.7081,24.6744,-1229.9414,-2053.1663,-2054.2966,-2057.433,
-3,3014.0,-1558.1838,23.955921,-1175.9572,-2053.1604,-2054.28,-2057.437,
-2,3015.0,-1601.3036,22.857494,-1247.6995,-2053.1736,-2054.3142,-2057.4287,
-1,3018.0,-1480.5194,21.39193,-1160.5681,-2053.161,-2054.2935,-2057.4414,
0,3019.0,-1615.2759,19.59797,-1205.7318,-2053.1682,-2054.2993,-2057.4492,
1,3020.0,-1526.7089,17.484852,-1221.4689,-2053.1782,-2054.3157,-2057.4436,
2,3021.0,-1555.8955,15.096978,-1173.8539,-2053.1606,-2054.308,-2057.4287,
3,3022.0,-1596.8911,12.476366,-1244.2104,-2053.162,-2054.2896,-2057.447,
4,3023.0,-1482.1769,9.645962,-1166.7281,-2053.171,-2054.3086,-2057.464,
5,3026.0,-1612.2167,6.658512,-1209.4125,-2053.1633,-2054.3252,-2057.455,
6,3027.0,-1525.141,3.567358,-1223.1493,-2053.1628,-2054.2896,-2057.4382,
7,3028.0,-1554.683,0.421372,-1173.8241,-2053.1663,-2054.3152,-2057.4539,
-8,3030.0,-1605.5775,-2.731468,-1251.577,-2053.1472,-2054.287,-2057.4187,
-7,3031.0,-1490.8466,-5.844674,-1176.2578,-2053.1445,-2054.2712,-2057.4119,
-6,3032.0,-1623.9048,-8.871162,-1223.8094,-2053.1562,-2054.3103,-2057.4336,
-5,3033.0,-1526.4796,-11.757888,-1228.2645,-2053.1536,-2054.287,-2057.4312,
-4,3034.0,-1552.7937,-14.467006,-1171.6025,-2053.1426,-2054.2954,-2057.4155,
-3,3036.0,-1609.8448,-16.96216,-1256.9766,-2053.1384,-2054.299,-2057.4043,
-2,3040.0,-1492.8322,-19.190903,-1176.5645,-2053.1348,-2054.2747,-2057.4104,
-1,3041.0,-1621.756,-21.113598,-1218.0121,-2053.125,-2054.2666,-2057.4048,
0,3042.0,-1526.8757,-22.70611,-1225.3113,-2053.1257,-2054.278,-2057.4077,
1,3043.0,-1550.5476,-23.939234,-1170.9285,-2053.129,-2054.2725,-2057.4016,
2,3044.0,-1595.8701,-24.804327,-1244.3363,-2053.1406,-2054.2798,-2057.4207,
3,3046.0,-1472.3992,-25.272486,-1158.9348,-2053.141,-2054.3,-2057.4055,
4,3047.0,-1601.6737,-25.355032,-1195.0608,-2053.1335,-2054.2788,-2057.4104,
5,3050.0,-1522.779,-25.03796,-1216.3594,-2053.1648,-2054.314,-2057.4253,
6,3065.0,-1549.5913,-24.326336,-1167.3405,-2053.131,-2054.286,-2057.4092,
7,3066.0,-1602.8798,-23.232378,-1247.8708,-2053.1262,-2054.263,-2057.4055,
-8,3067.0,-1483.0914,-21.786184,-1168.447,-2053.1628,-2054.2905,-2057.4353,
-7,3077.0,-1612.3782,-19.981197,-1207.6122,-2053.1536,-2054.3142,-2057.4246,
-6,3079.0,-1523.5771,-17.870762,-1219.6073,-2053.1492,-2054.3118,-2057.422,
-5,3080.0,-1546.8468,-15.481994,-1165.5814,-2053.1384,-2054.298,-2057.4197,
-4,3081.0,-1607.2993,-12.85125,-1250.3052,-2053.155,-2054.2996,-2057.4263,
-3,3082.0,-1495.6376,-10.019952,-1180.7228,-2053.158,-2054.3088,-2057.4277,
-2,3083.0,-1624.3193,-7.0393558,-1224.7913,-2053.139,-2054.272,-2057.413,
-1,3095.0,-1525.5228,-3.956844,-1228.328,-2053.1587,-2054.302,-2057.4246,
0,3096.0,-1547.8594,-0.816818,-1168.6538,-2053.1245,-2054.28,-2057.3982,
1,3097.0,-1603.4045,2.335426,-1248.9153,-2053.128,-2054.2854,-2057.4058,
2,3098.0,-1487.5322,5.461446,-1173.3593,-2053.143,-2054.3223,-2057.4072,
3,3099.0,-1613.912,8.501046,-1210.6146,-2053.1133,-2054.2678,-2057.3901,
4,3100.0,-1524.6497,11.396116,-1224.62,-2053.1414,-2054.2893,-2057.4192,
5,3101.0,-1543.5927,14.103446,-1165.7247,-2053.1333,-2054.3086,-2057.425,
6,3104.0,-1604.1855,16.598003,-1251.6882,-2053.1533,-2054.323,-2057.428,
7,3105.0,-1493.402,18.819296,-1181.7324,-2053.1243,-2054.2834,-2057.401,
-8,3106.0,-1620.7242,20.73633,-1224.1843,-2053.1345,-2054.2988,-2057.4111,
-7,3121.0,-1526.1799,22.334206,-1231.173,-2053.1506,-2054.3088,-2057.4302,
-6,3123.0,-1540.8784,23.57329,-1163.237,-2053.117,-2054.2734,-2057.4126,
-5,3124.0,-1598.042,24.440172,-1244.9856,-2053.1345,-2054.2776,-2057.4226,
-4,3125.0,-1483.4938,24.908628,-1171.6958,-2053.136,-2054.2776,-2057.4043,
-3,3138.0,-1606.2957,24.988491,-1207.572,-2053.1204,-2054.2766,-2057.411,
-2,3141.0,-1524.0757,24.6744,-1224.7249,-2053.1482,-2054.2744,-2057.416,
-1,3142.0,-1541.1166,23.962776,-1166.0239,-2053.155,-2054.2725,-2057.4226,
0,3143.0,-1602.372,22.8715,-1251.5768,-2053.1636,-2054.3208,-2057.4346,
1,3145.0,-1486.028,21.416067,-1176.3618,-2053.1533,-2054.2847,-2057.417,
2,3146.0,-1612.5966,19.620022,-1217.1271,-2053.1655,-2054.2935,-2057.428,
3,3163.0,-1525.1794,17.50452,-1230.0552,-2053.1648,-2054.2878,-2057.4214,
4,3165.0,-1537.0077,15.116646,-1161.5802,-2053.1775,-2054.3086,-2057.447,
5,3166.0,-1586.7714,12.494246,-1235.665,-2053.194,-2054.3088,-2057.4666,
6,3167.0,-1469.9833,9.665034,-1161.1022,-2053.1646,-2054.2935,-2057.4336,
7,3168.0,-1596.3589,6.679074,-1201.3394,-2053.1565,-2054.2974,-2057.448,
-8,3169.0,-1520.9813,3.587026,-1221.9698,-2053.1758,-2054.317,-2057.4407,
-7,3170.0,-1538.8878,0.439252,-1167.1149,-2053.1655,-2054.308,-2057.4536,
-6,3184.0,-1609.008,-2.712694,-1263.6445,-2053.1763,-2054.3108,-2057.4385,
-5,3186.0,-1500.0623,-5.829178,-1196.2933,-2053.179,-2054.3206,-2057.4463,
-4,3186.0,-1622.4589,-8.857454,-1232.7607,-2053.1863,-2054.3428,-2057.4521,
-3,3188.0,-1525.3049,-11.754908,-1234.6974,-2053.1824,-2054.3245,-2057.4695,
-2,3188.0,-1537.1204,-14.46641,-1168.0316,-2053.1667,-2054.323,-2057.441,
-1,3210.0,-1597.0839,-16.959478,-1254.2081,-2053.1724,-2054.3176,-2057.452,
0,3212.0,-1487.9974,-19.185537,-1186.4149,-2053.156,-2054.3164,-2057.4258,
1,3218.0,-1613.4492,-21.110022,-1227.5413,-2053.1577,-2054.3088,-2057.4373,
2,3220.0,-1524.3383,-22.701939,-1233.4512,-2053.175,-2054.3315,-2057.4407,
3,3221.0,-1539.2927,-23.94281,-1170.755,-2053.156,-2054.2915,-2057.4373,
4,3234.0,-1599.2847,-24.809692,-1253.014,-2053.1833,-2054.3235,-2057.445,
5,3235.0,-1481.3181,-25.2853,-1173.602,-2053.2021,-2054.337,-2057.478,
6,3237.0,-1609.5347,-25.362185,-1217.8994,-2053.1648,-2054.2932,-2057.4531,
7,3240.0,-1523.5476,-25.038258,-1232.3018,-2053.1685,-2054.305,-2057.4536,
-8,3241.0,-1535.8035,-24.332296,-1167.6927,-2053.161,-2054.3113,-2057.4426,
-7,3265.0,-1603.7496,-23.243107,-1252.64,-2053.1694,-2054.3208,-2057.4482,
-6,3267.0,-1493.0658,-21.793634,-1175.0428,-2053.1653,-2054.3037,-2057.4463,
-5,3268.0,-1613.937,-19.996695,-1210.9614,-2053.169,-2054.326,-2057.4602,
-4,3269.0,-1524.8246,-17.89341,-1229.4607,-2053.1907,-2054.329,-2057.456,
-3,3270.0,-1538.9,-15.497787,-1168.7047,-2053.181,-2054.3252,-2057.464,
-2,3272.0,-1611.7181,-12.878368,-1257.6908,-2053.1716,-2054.3218,-2057.43,
-1,3273.0,-1499.1895,-10.05601,-1178.4493,-2053.1565,-2054.3145,-2057.4329,
0,3278.0,-1620.5845,-7.071838,-1215.8778,-2053.1716,-2054.3,-2057.4265,
1,3279.0,-1528.0308,-3.980982,-1233.0352,-2053.1667,-2054.2847,-2057.4248,
2,3280.0,-1540.57,-0.838274,-1169.2468,-2053.158,-2054.305,-2057.4265,
3,3281.0,-1607.3896,2.313076,-1254.9596,-2053.1292,-2054.2668,-2057.411,
4,3309.0,-1488.2168,5.433434,-1169.6982,-2053.16,-2054.2827,-2057.4414,
5,3311.0,-1613.2269,8.465882,-1206.3666,-2053.164,-2054.3245,-2057.426,
6,3312.0,-1528.0883,11.36721,-1227.7869,-2053.1501,-2054.306,-2057.4011,
7,3313.0,-1541.4712,14.079904,-1168.5798,-2053.1592,-2054.3027,-2057.4192,
-8,3314.0,-1607.5137,16.576548,-1252.705,-2053.1555,-2054.2915,-2057.4153,
-7,3315.0,-1499.7308,18.800224,-1181.2478,-2053.1472,-2054.299,-2057.4055,
-6,3320.0,-1624.0809,20.722027,-1218.7047,-2053.1511,-2054.2952,-2057.4363,
-5,3321.0,-1530.629,22.317816,-1232.3193,-2053.1619,-2054.302,-2057.4307,
-4,3322.0,-1539.1503,23.561668,-1163.6948,-2053.1484,-2054.2576,-2057.399,
-3,3324.0,-1598.4166,24.433617,-1239.8474,-2053.1614,-2054.301,-2057.416,
-2,3325.0,-1487.6366,24.913694,-1165.4429,-2053.1628,-2054.299,-2057.4126,
-1,3341.0,-1608.3495,24.99475,-1199.0629,-2053.1655,-2054.3142,-2057.4275,
0,3357.0,-1529.1504,24.68185,-1225.4099,-2053.1587,-2054.2961,-2057.4087,
1,3360.0,-1541.1985,23.977974,-1163.2106,-2053.151,-2054.319,-2057.4302,
2,3364.0,-1603.7501,22.890274,-1241.9039,-2053.1714,-2054.317,-2057.4329,
3,3366.0,-1486.6028,21.443186,-1160.4579,-2053.162,-2054.2832,-2057.4343,
4,3370.0,-1605.5149,19.653399,-1188.9154,-2053.1614,-2054.3032,-2057.4355,
5,3371.0,-1528.8947,17.552795,-1218.5042,-2053.1606,-2054.3218,-2057.4402,
6,3372.0,-1541.9459,15.171478,-1161.9935,-2053.1475,-2054.288,-2057.4236,
7,3381.0,-1614.8265,12.5458,-1251.8834,-2053.1438,-2054.3137,-2057.4133,
-8,3382.0,-1499.3783,9.72076,-1175.9435,-2053.148,-2054.3098,-2057.416,
-7,3384.0,-1616.753,6.7348,-1207.3002,-2053.1472,-2054.2976,-2057.4187,
-6,3385.0,-1532.4885,3.644838,-1227.2051,-2053.1555,-2054.3276,-2057.4158,
-5,3412.0,-1540.3557,0.50361997,-1155.3037,-2053.135,-2054.298,-2057.4197,
-4,3414.0,-1608.8853,-2.648624,-1238.8379,-2053.1333,-2054.272,-2057.426,
-3,3416.0,-1496.9965,-5.76779,-1167.831,-2053.147,-2054.284,-2057.4165,
-2,3416.0,-1615.1475,-8.793682,-1197.5946,-2053.1343,-2054.2668,-2057.4092,
-1,3417.0,-1533.804,-11.694712,-1222.4326,-2053.1404,-2054.2847,-2057.4084,
0,3421.0,-1544.6323,-14.412472,-1159.5469,-2053.1262,-2054.2932,-2057.4028,
1,3423.0,-1612.8744,-16.909712,-1246.0492,-2053.141,-2054.2898,-2057.4126,
2,3424.0,-1494.9554,-19.137857,-1170.5267,-2053.1306,-2054.2808,-2057.4182,
3,3425.0,-1612.5874,-21.067705,-1199.0647,-2053.129,-2054.2922,-2057.4038,
4,3431.0,-1535.1699,-22.66588,-1223.2388,-2053.128,-2054.295,-2057.4001,
5,3433.0,-1543.4999,-23.911222,-1158.377,-2053.1296,-2054.271,-2057.4143,
6,3434.0,-1610.1008,-24.779594,-1246.967,-2053.1445,-2054.2722,-2057.4001,
7,3461.0,-1493.123,-25.263844,-1171.7369,-2053.1267,-2054.2778,-2057.3884,
-8,3463.0,-1608.1934,-25.350561,-1195.2368,-2053.1309,-2054.2683,-2057.4055,
-7,3464.0,-1535.6581,-25.043324,-1220.9755,-2053.1497,-2054.2798,-2057.4185,
-6,3465.0,-1541.8124,-24.341534,-1155.4261,-2053.152,-2054.2798,-2057.4128,
-5,3468.0,-1608.8344,-23.25443,-1245.016,-2053.1448,-2054.291,-2057.4226,
-4,3471.0,-1494.9495,-21.801382,-1177.5104,-2053.1555,-2054.3127,-2057.4343,
-3,3472.0,-1614.9886,-20.018448,-1212.408,-2053.144,-2054.2808,-2057.4214,
-2,3473.0,-1537.7721,-17.916355,-1231.9978,-2053.1487,-2054.2656,-2057.4153,
-1,3477.0,-1542.7112,-15.53176,-1157.9171,-2053.1204,-2054.2603,-2057.4065,
0,3478.0,-1611.5253,-12.914128,-1251.7898,-2053.1387,-2054.265,-2057.41,
1,3510.0,-1487.257,-10.0953455,-1174.3772,-2053.151,-2054.286,-2057.4343,
2,3512.0,-1603.4745,-7.109684,-1201.8021,-2053.1467,-2054.2717,-2057.4272,
3,3513.0,-1537.1952,-4.026874,-1229.2742,-2053.1362,-2054.269,-2057.422,
4,3562.0,-1540.8137,-0.884464,-1155.5409,-2053.1445,-2054.2786,-2057.4077,
5,3564.0,-1607.7693,2.269866,-1240.9626,-2053.1626,-2054.2866,-2057.4287,
6,3567.0,-1494.6807,5.398568,-1174.2499,-2053.177,-2054.2925,-2057.4265,
7,3568.0,-1621.6204,8.433102,-1214.4207,-2053.1567,-2054.2878,-2057.416,
-8,3569.0,-1539.0938,11.334728,-1230.4774,-2053.1755,-2054.33,-2057.456,
-7,3570.0,-1538.8401,14.047422,-1153.5583,-2053.1506,-2054.2808,-2057.4426,
-6,3571.0,-1603.9832,16.535723,-1242.058,-2053.1565,-2054.2922,-2057.425,
-5,3572.0,-1486.151,18.769232,-1171.4976,-2053.131,-2054.2732,-2057.4023,
-4,3573.0,-1601.7899,20.70057,-1196.1238,-2053.1196,-2054.2493,-2057.3813,
-3,3574.0,-1536.0365,22.310963,-1222.6869,-2053.136,-2054.2761,-2057.3875,
-2,3575.0,-1538.0033,23.553026,-1155.4241,-2053.1426,-2054.2737,-2057.4058,
-1,3576.0,-1614.0497,24.436596,-1254.7245,-2053.1592,-2054.2654,-2057.411,
0,3577.0,-1498.794,24.923529,-1185.7078,-2053.1384,-2054.2595,-2057.3967,
1,3578.0,-1610.9672,25.010544,-1208.1394,-2053.1384,-2054.263,-2057.4104,
2,3579.0,-1539.0809,24.697048,-1230.3014,-2053.1523,-2054.283,-2057.4172,
3,3580.0,-1539.2177,24.003601,-1158.7303,-2053.1445,-2054.282,-2057.4219,
4,3581.0,-1612.4243,22.92067,-1260.7859,-2053.143,-2054.2913,-2057.4111,
5,3582.0,-1495.4424,21.465834,-1193.394,-2053.1416,-2054.2827,-2057.4219,
6,3583.0,-1612.6458,19.673365,-1222.9452,-2053.1384,-2054.245,-2057.4033,
7,3584.0,-1540.267,17.577232,-1240.1774,-2053.1455,-2054.2722,-2057.4116,
-8,3585.0,-1538.0653,15.196212,-1161.413,-2053.1375,-2054.2598,-2057.4016,
-7,3586.0,-1612.5883,12.575898,-1262.6981,-2053.1416,-2054.283,-2057.401,
-6,3587.0,-1505.9606,9.750858,-1207.4695,-2053.1423,-2054.294,-2057.4102,
-5,3591.0,-1623.4718,6.766388,-1238.4742,-2053.1345,-2054.2524,-2057.413,
-4,3610.0,-1542.5261,3.670466,-1247.6188,-2053.1548,-2054.2888,-2057.4092,
-3,3614.0,-1541.0626,0.52895,-1167.7399,-2053.1335,-2054.2598,-2057.3835,
-2,3616.0,-1613.0647,-2.63134,-1262.9655,-2053.124,-2054.2693,-2057.3936,
-1,3617.0,-1493.6025,-5.7543797,-1190.106,-2053.1345,-2054.2808,-2057.4062,
0,3618.0,-1606.4023,-8.78355,-1213.2456,-2053.1423,-2054.2974,-2057.3958,
1,3619.0,-1541.9459,-11.686964,-1242.2196,-2053.1523,-2054.2708,-2057.409,
2,3620.0,-1535.7925,-14.406512,-1164.5831,-2053.1375,-2054.2456,-2057.4102,
3,3621.0,-1593.5493,-16.901667,-1240.0444,-2053.1438,-2054.2515,-2057.4207,
4,3622.0,-1476.126,-19.131899,-1164.4675,-2053.1428,-2054.2627,-2057.413,
5,3624.0,-1592.0784,-21.071281,-1190.9579,-2053.131,-2054.252,-2057.4092,
6,3625.0,-1537.5623,-22.664986,-1232.0021,-2053.1362,-2054.2676,-2057.406,
7,3626.0,-1536.9639,-23.913307,-1166.6691,-2053.1277,-2054.2517,-2057.4072,
-8,3627.0,-1609.8911,-24.788832,-1257.6515,-2053.133,-2054.2886,-2057.4097,
-7,3628.0,-1492.3574,-25.275764,-1186.7534,-2053.1362,-2054.2827,-2057.4111,
-6,3629.0,-1605.1526,-25.361588,-1213.9069,-2053.129,-2054.2542,-2057.4084,
-5,3630.0,-1539.5919,-25.056734,-1242.427,-2053.125,-2054.2666,-2057.4038,
-4,3643.0,-1535.6691,-24.357924,-1168.7915,-2053.1326,-2054.2737,-2057.3965,
-3,3656.0,-1606.5874,-23.274395,-1257.0939,-2053.138,-2054.2537,-2057.3894,
-2,3658.0,-1486.4597,-21.835056,-1183.7224,-2053.129,-2054.253,-2057.3977,
-1,3659.0,-1599.9161,-20.051825,-1213.0037,-2053.117,-2054.2505,-2057.3887,
0,3661.0,-1538.5845,-17.953606,-1244.8777,-2053.1204,-2054.2476,-2057.3984,
1,3661.0,-1534.0128,-15.574076,-1169.9504,-2053.1238,-2054.236,-2057.4019,
2,3673.0,-1612.5043,-12.953762,-1266.8964,-2053.1204,-2054.2383,-2057.3975,
3,3677.0,-1489.5635,-10.13051,-1190.0183,-2053.1484,-2054.2551,-2057.4158,
4,3678.0,-1598.3206,-7.15498,-1213.1604,-2053.114,-2054.2568,-2057.395,
5,3679.0,-1538.8436,-4.07515,-1245.671,-2053.1294,-2054.2437,-2057.386,
6,3680.0,-1528.1243,-0.93274,-1166.2832,-2053.1384,-2054.2517,-2057.3975,
7,3681.0,-1598.0763,2.222186,-1251.4558,-2053.1438,-2054.271,-2057.4077,
-8,3684.0,-1481.7288,5.345822,-1180.2385,-2053.1204,-2054.2334,-2057.383,
-7,3714.0,-1596.735,8.385422,-1207.9141,-2053.137,-2054.2576,-2057.3901,
-6,3716.0,-1536.8158,11.284962,-1242.0399,-2053.1294,-2054.244,-2057.3875,
-5,3717.0,-1526.3262,14.000934,-1165.0686,-2053.1167,-2054.2522,-2057.3923,
-4,3718.0,-1597.5253,16.497875,-1249.1022,-2053.1194,-2054.2622,-2057.4102,
-3,3722.0,-1483.2268,18.73824,-1177.4358,-2053.1284,-2054.2576,-2057.4065,
-2,3725.0,-1589.5835,20.671963,-1193.8795,-2053.1377,-2054.2559,-2057.3975,
-1,3726.0,-1534.7485,22.285631,-1235.1254,-2053.1326,-2054.2446,-2057.401,
0,3727.0,-1525.7933,23.533655,-1167.0151,-2053.1025,-2054.253,-2057.3862,
1,3728.0,-1613.8008,24.412756,-1268.6161,-2053.1204,-2054.2627,-2057.3884,
2,3733.0,-1498.4387,24.902966,-1197.5479,-2053.117,-2054.2302,-2057.3843,
3,3734.0,-1607.772,25.002796,-1225.0366,-2053.1096,-2054.2327,-2057.371,
4,3736.0,-1539.4608,24.696451,-1254.1244,-2053.1338,-2054.2595,-2057.3955,
5,3765.0,-1527.4886,23.994066,-1169.5895,-2053.1199,-2054.2725,-2057.4001,
6,3767.0,-1603.2063,22.925735,-1256.3104,-2053.1267,-2054.2517,-2057.391,
7,3768.0,-1480.8469,21.490568,-1172.8794,-2053.135,-2054.2693,-2057.401,
-8,3769.0,-1590.0562,19.70078,-1194.9156,-2053.1294,-2054.261,-2057.3896,
-7,3770.0,-1535.301,17.60286,-1237.9784,-2053.1433,-2054.261,-2057.4058,
-6,3771.0,-1522.0117,15.224224,-1163.9972,-2053.1333,-2054.2354,-2057.4065,
-5,3774.0,-1604.0514,12.607486,-1257.233,-2053.146,-2054.2615,-2057.4104,
-4,3777.0,-1486.9121,9.783936,-1182.1561,-2053.1326,-2054.269,-2057.4138,
-3,3778.0,-1593.1364,6.803936,-1200.5386,-2053.131,-2054.2588,-2057.4185,
-2,3779.0,-1536.4078,3.719934,-1241.4182,-2053.1414,-2054.2427,-2057.4065,
-1,3782.0,-1523.0425,0.584676,-1163.6486,-2053.1357,-2054.2698,-2057.4038,
0,3783.0,-1609.4229,-2.575912,-1255.6204,-2053.1401,-2054.2751,-2057.401,
1,3815.0,-1495.8741,-5.69776,-1182.3722,-2053.1108,-2054.264,-2057.3982,
2,3817.0,-1606.2096,-8.727526,-1210.2365,-2053.1184,-2054.2625,-2057.3997,
3,3818.0,-1540.039,-11.624384,-1248.5898,-2053.1387,-2054.2693,-2057.4016,
4,3819.0,-1521.8043,-14.346614,-1162.2164,-2053.114,-2054.2588,-2057.3862,
5,3820.0,-1600.2281,-16.851303,-1247.3237,-2053.1086,-2054.246,-2057.3687,
6,3826.0,-1488.9945,-19.08839,-1176.2081,-2053.1106,-2054.2385,-2057.3655,
7,3827.0,-1605.8875,-21.026283,-1209.5415,-2053.0967,-2054.24,-2057.387,
-8,3828.0,-1539.0208,-22.636677,-1244.6339,-2053.1008,-2054.2725,-2057.3948,
-7,3829.0,-1524.8984,-23.891554,-1162.8815,-2053.1104,-2054.243,-2057.4028,
-6,3843.0,-1609.641,-24.77423,-1255.997,-2053.1187,-2054.206,-2057.3975,
-5,3844.0,-1492.1938,-25.27189,-1179.4443,-2053.1375,-2054.2578,-2057.4033,
-4,3845.0,-1597.8977,-25.36725,-1198.6385,-2053.121,-2054.2522,-2057.389,
-3,3867.0,-1539.0607,-25.062098,-1239.5333,-2053.1108,-2054.24,-2057.3672,
-2,3869.0,-1522.8638,-24.365671,-1160.2389,-2053.1055,-2054.245,-2057.3853,
-1,3873.0,-1613.068,-23.29168,-1257.268,-2053.1196,-2054.2178,-2057.3845,
0,3877.0,-1503.2672,-21.853533,-1183.8607,-2053.131,-2054.2332,-2057.3896,
1,3878.0,-1607.8417,-20.073578,-1201.0381,-2053.114,-2054.2317,-2057.3958,
2,3879.0,-1542.4354,-17.978935,-1240.018,-2053.1194,-2054.2234,-2057.3853,
3,3883.0,-1525.9692,-15.595532,-1158.8428,-2053.096,-2054.22,-2057.3845,
4,3884.0,-1610.7067,-12.979092,-1248.7374,-2053.1177,-2054.221,-2057.3982,
5,3916.0,-1492.7386,-10.153158,-1171.9694,-2053.1204,-2054.2463,-2057.3928,
6,3918.0,-1596.0963,-7.17733,-1185.5248,-2053.09,-2054.2388,-2057.379,
7,3920.0,-1541.8517,-4.099586,-1230.6598,-2053.1082,-2054.257,-2057.3845,
-8,3921.0,-1526.9645,-0.956878,-1156.9757,-2053.1177,-2054.268,-2057.3982,
-7,3922.0,-1614.7097,2.197154,-1253.0021,-2053.1199,-2054.263,-2057.3955,
-6,3923.0,-2002.057,8.138678,-1664.0684,-2053.1306,-2054.229,-2057.394,
-5,3924.0,-2122.7283,10.924084,-2165.5896,-2053.1316,-2054.2507,-2057.4077,
-4,3925.0,-991.3334,16.297321,-518.2554,-2053.0994,-2054.2305,-2057.358,
-3,3926.0,-691.02264,18.760292,143.3359,-2053.1455,-2054.2764,-2057.4058,
-2,3927.0,-2215.6943,22.327948,-2059.1165,-2053.188,-2054.3098,-2057.4348,
-1,3928.0,-2190.2668,23.436806,-2296.9075,-2053.1245,-2054.2678,-2057.3909,
0,3932.0,-1417.5902,24.319183,-1202.9553,-2053.0886,-2054.2144,-2057.351,
1,3934.0,-838.5589,24.947964,-202.87096,-2053.0903,-2054.2104,-2057.3496,
2,3935.0,-1409.445,25.126764,-709.36755,-2053.1318,-2054.2217,-2057.3936,
3,3937.0,-1992.0992,24.75635,-1789.4277,-2053.133,-2054.2578,-2057.4058,
4,3944.0,-1928.9453,23.949663,-1861.2251,-2053.0955,-2054.246,-2057.3894,
5,3945.0,-1470.4979,22.876268,-1192.3647,-2053.0898,-2054.2278,-2057.364,
6,3946.0,-1107.185,21.534672,-592.3525,-2053.116,-2054.2478,-2057.3723,
7,3960.0,-1519.0919,19.818192,-946.732,-2053.1309,-2054.2507,-2057.386,
-8,3962.0,-1813.9854,17.667526,-1577.2356,-2053.123,-2054.2722,-2057.386,
-7,3965.0,-1723.9967,15.205152,-1519.2177,-2053.096,-2054.2412,-2057.3657,
-6,3967.0,-1510.2769,12.591096,-1182.666,-2053.0947,-2054.2249,-2057.3591,
-5,3968.0,-1304.2343,9.843834,-885.389,-2053.1257,-2054.237,-2057.3806,
-4,3969.0,-1589.7936,6.90764,-1113.9237,-2053.124,-2054.2393,-2057.3955,
-3,3972.0,-1673.2264,3.77417,-1402.4146,-2053.1252,-2054.2637,-2057.3936,
-2,3973.0,-1568.7524,0.568286,-1259.3241,-2053.1262,-2054.2937,-2057.4055,
-1,3974.0,-1542.5698,-2.589024,-1180.2642,-2053.1255,-2054.2808,-2057.39,
0,4001.0,-1463.2024,-5.65306,-1117.0464,-2053.1265,-2054.282,-2057.3943,
1,4003.0,-1651.6593,-8.652728,-1251.3506,-2053.1235,-2054.265,-2057.3848,
2,4004.0,-1569.4247,-11.581472,-1278.2206,-2053.1343,-2054.2812,-2057.3909,
3,4005.0,-1457.0033,-14.354064,-1070.2657,-2053.0957,-2054.221,-2057.3818,
4,4006.0,-1573.2758,-16.851303,-1185.2682,-2053.1199,-2054.2493,-2057.3997,
5,4007.0,-1580.0588,-19.05114,-1286.373,-2053.1116,-2054.2578,-2057.3816,
6,4008.0,-1698.9556,-20.975624,-1352.8264,-2053.1033,-2054.257,-2057.394,
7,4009.0,-1497.6136,-22.605684,-1194.5276,-2053.105,-2054.2537,-2057.3748,
-8,4010.0,-1381.3528,-23.886786,-942.1815,-2053.0994,-2054.2551,-2057.387,
-7,4011.0,-1593.6709,-24.777508,-1190.4099,-2053.1013,-2054.277,-2057.402,
-6,4012.0,-1651.7354,-25.247156,-1395.7834,-2053.1074,-2054.253,-2057.3926,
-5,4026.0,-1703.944,-25.339834,-1386.8586,-2053.1067,-2054.2332,-2057.382,
-4,4027.0,-1446.8389,-25.059713,-1123.5908,-2053.1267,-2054.2585,-2057.3984,
-3,4028.0,-1337.5292,-24.384445,-866.64954,-2053.1174,-2054.2385,-2057.4038,
-2,4031.0,-1603.1685,-23.310753,-1194.2821,-2053.1458,-2054.2478,-2057.418,
-1,4032.0,-1685.8619,-21.860683,-1450.7284,-2053.1404,-2054.276,-2057.4272,
0,4044.0,-1711.0107,-20.087881,-1410.6519,-2053.116,-2054.2615,-2057.4126,
1,4046.0,-1417.4689,-18.003372,-1085.5249,-2053.1404,-2054.275,-2057.426,
2,4049.0,-1313.5002,-15.625928,-823.0861,-2053.1484,-2054.2861,-2057.418,
3,4050.0,-1618.55,-13.009488,-1202.5432,-2053.138,-2054.2861,-2057.407,
4,4052.0,-1719.4674,-10.188322,-1498.9213,-2053.1252,-2054.2788,-2057.4075,
5,4055.0,-1729.9186,-7.223818,-1445.5261,-2053.099,-2054.2468,-2057.3967,
6,4056.0,-1407.9269,-4.141306,-1081.0165,-2053.112,-2054.2285,-2057.3818,
7,4057.0,-1311.0978,-0.997108,-816.03394,-2053.1262,-2054.2422,-2057.3967,
-8,4058.0,-1631.9926,2.158414,-1216.8887,-2053.1519,-2054.2751,-2057.4119,
-7,4076.0,-1723.5548,5.28652,-1504.2864,-2053.1594,-2054.294,-2057.428,
-6,4086.0,-1718.9045,8.320756,-1432.9429,-2053.124,-2054.2488,-2057.3997,
-5,4088.0,-1408.4395,11.231024,-1079.1399,-2053.1323,-2054.2869,-2057.4062,
-4,4089.0,-1316.1978,13.953254,-822.8072,-2053.1365,-2054.2698,-2057.4204,
-3,4102.0,-1620.8762,16.45854,-1208.7145,-2053.1372,-2054.2717,-2057.4272,
-2,4103.0,-1698.2719,18.689964,-1481.1736,-2053.1387,-2054.2817,-2057.424,
-1,4104.0,-1703.8525,20.626368,-1421.0511,-2053.1252,-2054.2827,-2057.411,
0,4105.0,-1414.1718,22.249275,-1090.0331,-2053.1194,-2054.2551,-2057.3948,
1,4133.0,-1334.0343,23.511007,-850.1305,-2053.1177,-2054.2625,-2057.3962,
2,4136.0,-1624.9937,24.407093,-1215.0336,-2053.1428,-2054.271,-2057.405,
3,4137.0,-1680.6937,24.90088,-1452.6406,-2053.12,-2054.2544,-2057.4038,
4,4138.0,-1683.5269,24.990578,-1389.1809,-2053.0925,-2054.2332,-2057.3728,
5,4139.0,-1424.24,24.70569,-1098.5785,-2053.1055,-2054.2617,-2057.3826,
6,4141.0,-1355.3928,24.036083,-886.25793,-2053.0972,-2054.2441,-2057.3801,
7,4144.0,-1631.0172,22.975502,-1235.4797,-2053.096,-2054.2292,-2057.375,
-8,4145.0,-1665.7357,21.533182,-1436.7006,-2053.1106,-2054.2317,-2057.392,
-7,4154.0,-1681.0371,19.748758,-1379.5764,-2053.0955,-2054.2288,-2057.3733,
-6,4155.0,-1441.9287,17.656797,-1126.3241,-2053.0933,-2054.2466,-2057.3652,
-5,4186.0,-1380.3822,15.301704,-928.2363,-2053.0918,-2054.2424,-2057.3782,
-4,4188.0,-1636.3156,12.693012,-1249.3057,-2053.096,-2054.237,-2057.3914,
-3,4189.0,-1642.7589,9.861714,-1404.1313,-2053.0986,-2054.2656,-2057.39,
-2,4190.0,-1657.8551,6.872774,-1342.9722,-2053.066,-2054.2131,-2057.3672,
-1,4191.0,-1458.3444,3.790262,-1141.5804,-2053.0662,-2054.2334,-2057.3657,
0,4192.0,-1401.9657,0.652918,-965.65826,-2053.0776,-2054.2231,-2057.3643,
1,4195.0,-1629.3246,-2.498432,-1247.5814,-2053.105,-2054.2493,-2057.3887,
2,4199.0,-1613.1554,-5.634286,-1361.8827,-2053.1316,-2054.2947,-2057.4116,
3,4200.0,-1645.1549,-8.679846,-1314.9539,-2053.1145,-2054.2612,-2057.3943,
4,4201.0,-1475.6039,-11.58028,-1160.3774,-2053.113,-2054.271,-2057.395,
5,4202.0,-1423.2963,-14.298338,-1003.6339,-2053.1096,-2054.2776,-2057.4019,
6,4203.0,-1622.413,-16.800346,-1249.4249,-2053.119,-2054.2666,-2057.3977,
7,4204.0,-1586.8458,-19.05561,-1327.5724,-2053.109,-2054.2751,-2057.4006,
-8,4205.0,-1628.7267,-21.00751,-1287.965,-2053.1128,-2054.2793,-2057.4045,
-7,4206.0,-1491.3583,-22.616114,-1181.3844,-2053.1277,-2054.286,-2057.4087,
-6,4210.0,-1444.876,-23.863243,-1039.3802,-2053.133,-2054.2693,-2057.4165,
-5,4211.0,-1624.8,-24.751581,-1258.204,-2053.1404,-2054.2927,-2057.4204,
-4,4212.0,-1559.2129,-25.263844,-1295.2859,-2053.1238,-2054.2825,-2057.4092,
-3,4242.0,-1613.3872,-25.372911,-1268.2245,-2053.108,-2054.2676,-2057.4133,
-2,4245.0,-1504.4384,-25.07074,-1195.9673,-2053.11,-2054.276,-2057.3948,
-1,4246.0,-1458.5667,-24.373718,-1067.3296,-2053.0913,-2054.2556,-2057.3843,
0,4247.0,-1622.2148,-23.30956,-1258.8024,-2053.0957,-2054.2659,-2057.3909,
1,4248.0,-1551.4243,-21.888397,-1273.7769,-2053.1047,-2054.2686,-2057.3982,
2,4251.0,-1610.4835,-20.117086,-1250.6646,-2053.115,-2054.255,-2057.4045,
3,4252.0,-1518.9406,-18.031681,-1214.7786,-2053.108,-2054.2712,-2057.3916,
4,4271.0,-1473.7047,-15.657814,-1093.2285,-2053.1204,-2054.2637,-2057.4038,
5,4272.0,-1609.7292,-13.043162,-1250.9044,-2053.1316,-2054.2556,-2057.4077,
6,4303.0,-1518.6533,-10.227956,-1234.2153,-2053.1318,-2054.2698,-2057.4155,
7,4306.0,-1592.501,-7.261664,-1225.138,-2053.1243,-2054.2507,-2057.4111,
-8,4307.0,-1526.6686,-4.174384,-1222.4059,-2053.1401,-2054.2644,-2057.4258,
-7,4308.0,-1484.2233,-1.036742,-1113.9878,-2053.1199,-2054.2427,-2057.4065,
-6,4309.0,-1608.0348,2.1155019,-1252.9113,-2053.1396,-2054.249,-2057.413,
-5,4311.0,-1517.6747,5.242118,-1227.8756,-2053.1094,-2054.2388,-2057.39,
-4,4312.0,-1601.5739,8.27546,-1230.2632,-2053.1292,-2054.2615,-2057.4087,
-3,4316.0,-1537.2122,11.191688,-1240.4294,-2053.1528,-2054.2693,-2057.4326,
-2,4317.0,-1496.865,13.92703,-1133.9961,-2053.1262,-2054.2654,-2057.4294,
-1,4322.0,-1612.4005,16.432613,-1259.0482,-2053.121,-2054.2856,-2057.4236,
0,4323.0,-1501.1249,18.67715,-1207.7496,-2053.1492,-2054.2966,-2057.439,
1,4324.0,-1579.6802,20.62309,-1203.0299,-2053.1213,-2054.24,-2057.4048,
2,4325.0,-1541.1031,22.251362,-1240.948,-2053.0974,-2054.2356,-2057.3765,
3,4359.0,-1499.8611,23.513988,-1144.1307,-2053.1228,-2054.2178,-2057.398,
4,4361.0,-1608.9956,24.407393,-1259.9198,-2053.1404,-2054.2322,-2057.4087,
5,4362.0,-1956.878,24.961672,-1614.2946,-2053.1445,-2054.237,-2057.432,
6,4363.0,-2151.0188,24.69675,-2184.6958,-2053.124,-2054.2305,-2057.4011,
7,4364.0,-1539.0944,24.0784,-1342.0061,-2053.1047,-2054.2388,-2057.3828,
-8,4365.0,-1111.3472,23.022587,-563.5153,-2053.1172,-2054.2576,-2057.3792,
-7,4366.0,-1175.5546,21.543314,-624.4998,-2053.146,-2054.2542,-2057.4062,
-6,4367.0,-1816.1788,19.737732,-1445.3083,-2053.152,-2054.2551,-2057.4204,
-5,4369.0,-1945.0872,17.67289,-1855.286,-2053.1306,-2054.2573,-2057.4126,
-4,4373.0,-1536.7902,15.347,-1286.6505,-2053.1226,-2054.251,-2057.4038,
-3,4374.0,-1297.6503,12.747546,-824.2308,-2053.1213,-2054.246,-2057.393,
-2,4375.0,-1293.8079,9.894494,-837.07214,-2053.1467,-2054.2935,-2057.4417,
-1,4376.0,-1720.4938,6.890356,-1341.8466,-2053.1387,-2054.2776,-2057.4268,
0,4388.0,-1782.9832,3.8194659,-1605.9354,-2053.1333,-2054.2852,-2057.4146,
1,4390.0,-1535.8824,0.713114,-1242.5685,-2053.1375,-2054.2861,-2057.4158,
2,4401.0,-1451.8259,-2.430786,-1039.1663,-2053.12,-2054.2598,-2057.392,
3,4403.0,-1386.3899,-5.574984,-1005.3912,-2053.1257,-2054.2585,-2057.391,
4,4405.0,-1638.2234,-8.630676,-1252.2771,-2053.1238,-2054.2793,-2057.4065,
5,4417.0,-1656.7417,-11.526342,-1409.1646,-2053.1226,-2054.2751,-2057.4082,
6,4421.0,-1531.1294,-14.230394,-1203.8097,-2053.089,-2054.2505,-2057.3872,
7,4422.0,-1564.9431,-16.730911,-1193.1506,-2053.1094,-2054.246,-2057.395,
-8,4423.0,-1464.4882,-18.995115,-1140.0919,-2053.1204,-2054.2659,-2057.394,
-7,4424.0,-1588.5128,-20.959234,-1200.5309,-2053.0837,-2054.2532,-2057.3853,
-6,4428.0,-1565.8142,-22.580652,-1271.9817,-2053.1296,-2054.2612,-2057.4043,
-5,4429.0,-1532.1321,-23.836126,-1179.7098,-2053.1272,-2054.257,-2057.4028,
-4,4455.0,-1654.5416,-24.728636,-1311.3188,-2053.1172,-2054.2722,-2057.397,
-3,4457.0,-1523.0574,-25.253117,-1233.9766,-2053.1401,-2054.2896,-2057.4133,
-2,4458.0,-1549.0386,-25.380064,-1148.5496,-2053.1345,-2054.2888,-2057.418,
-1,4459.0,-1501.6577,-25.091301,-1163.3754,-2053.125,-2054.2764,-2057.402,
0,4465.0,-1526.8855,-24.396961,-1155.8779,-2053.117,-2054.29,-2057.4124,
1,4466.0,-1691.9019,-23.329525,-1370.5815,-2053.1238,-2054.279,-2057.4062,
2,4467.0,-1533.5709,-21.911045,-1268.394,-2053.1345,-2054.2725,-2057.4043,
3,4468.0,-1509.2838,-20.140629,-1102.6593,-2053.0981,-2054.244,-2057.3691,
4,4481.0,-1455.981,-18.048668,-1088.3928,-2053.1245,-2054.257,-2057.3872,
5,4482.0,-1525.6978,-15.66884,-1141.7059,-2053.1091,-2054.2258,-2057.3884,
6,4483.0,-1734.1243,-13.059254,-1423.6321,-2053.105,-2054.2617,-2057.3857,
7,4498.0,-1567.0273,-10.244644,-1316.044,-2053.1,-2054.2207,-2057.386,
-8,4501.0,-1497.4211,-7.279842,-1085.2582,-2053.1091,-2054.2334,-2057.3774,
-7,4502.0,-1431.8906,-4.193158,-1044.7468,-2053.097,-2054.2244,-2057.367,
-6,4503.0,-1521.8699,-1.054622,-1129.9368,-2053.1194,-2054.2422,-2057.3884,
-5,4504.0,-1756.2341,2.096728,-1450.8378,-2053.1323,-2054.2764,-2057.3994,
-4,4506.0,-1587.2797,5.21649,-1349.0862,-2053.116,-2054.2524,-2057.3977,
-3,4515.0,-1503.4648,8.257878,-1099.9781,-2053.1199,-2054.2686,-2057.399,
-2,4516.0,-1424.2896,11.165762,-1040.5605,-2053.15,-2054.2913,-2057.4165,
-1,4517.0,-1519.5768,13.8951435,-1122.405,-2053.151,-2054.2932,-2057.417,
0,4518.0,-1753.1694,16.399536,-1445.7771,-2053.136,-2054.3008,-2057.4194,
1,4519.0,-1569.442,18.654203,-1327.9282,-2053.1362,-2054.287,-2057.414,
2,4548.0,-1482.6882,20.60372,-1074.3738,-2053.122,-2054.2888,-2057.41,
3,4550.0,-1420.4152,22.22484,-1028.1143,-2053.1443,-2054.2961,-2057.4072,
4,4551.0,-1516.3569,23.494915,-1118.3812,-2053.1453,-2054.2773,-2057.4248,
5,4552.0,-1753.8594,24.391598,-1447.4753,-2053.131,-2054.273,-2057.4038,
6,4556.0,-1584.0375,24.89939,-1348.1832,-2053.1228,-2054.2454,-2057.3826,
7,4559.0,-1506.9843,25.012331,-1110.2559,-2053.1055,-2054.2478,-2057.3857,
-8,4561.0,-1431.0875,24.73251,-1051.5588,-2053.138,-2054.2766,-2057.417,
-7,4562.0,-1515.2555,24.052773,-1119.2943,-2053.1426,-2054.2993,-2057.4285,
-6,4574.0,-1744.5608,22.999342,-1432.888,-2053.1184,-2054.299,-2057.4045,
-5,4576.0,-1570.8983,21.5752,-1327.6061,-2053.1252,-2054.2778,-2057.3926,
-4,4577.0,-1498.5642,19.809252,-1097.7483,-2053.1096,-2054.261,-2057.403,
-3,4578.0,-1440.8586,17.728317,-1059.6013,-2053.131,-2054.2615,-2057.4016,
-2,4612.0,-1510.6267,15.35892,-1117.2401,-2053.1292,-2054.2703,-2057.4097,
-1,4614.0,-1730.2529,12.752314,-1411.5673,-2053.1023,-2054.2412,-2057.392,
0,4615.0,-1576.2236,9.941876,-1324.0641,-2053.1104,-2054.2563,-2057.3896,
1,4616.0,-1520.036,6.9732,-1120.8036,-2053.0972,-2054.248,-2057.3792,
2,4617.0,-1458.1808,3.88294,-1089.0607,-2053.1162,-2054.263,-2057.3726,
3,4620.0,-1510.287,0.735166,-1121.568,-2053.0867,-2054.2568,-2057.371,
4,4623.0,-1712.3256,-2.423038,-1389.9813,-2053.093,-2054.2493,-2057.384,
5,4625.0,-1558.8595,-5.539522,-1304.115,-2053.0996,-2054.2424,-2057.384,
6,4626.0,-1531.8186,-8.573162,-1140.5214,-2053.0884,-2054.2302,-2057.3735,
7,4629.0,-1476.2703,-11.485218,-1121.9861,-2053.0996,-2054.2385,-2057.3867,
-8,4630.0,-1509.8364,-14.220858,-1124.77,-2053.1155,-2054.2402,-2057.39,
-7,4631.0,-1695.6277,-16.740448,-1365.7367,-2053.1116,-2054.2524,-2057.3818,
-6,4660.0,-1543.6102,-18.987368,-1277.1956,-2053.125,-2054.255,-2057.3928,
-5,4662.0,-1538.6447,-20.92705,-1144.5316,-2053.1147,-2054.2488,-2057.3953,
-4,4664.0,-1491.7191,-22.560389,-1146.0597,-2053.1116,-2054.2761,-2057.386,
-3,4665.0,-1509.013,-23.841787,-1128.6633,-2053.1362,-2054.256,-2057.3967,
-2,4666.0,-1684.8604,-24.73996,-1350.272,-2053.127,-2054.2637,-2057.3975,
-1,4667.0,-1553.6289,-25.247156,-1282.8406,-2053.1338,-2054.2725,-2057.4075,
0,4671.0,-1558.2113,-25.36427,-1169.2268,-2053.1357,-2054.3005,-2057.4048,
